icdcode,name,frequency,duration,route
ICODE,NAME,FREQUENCY,DURATIONS,ROUTE
M00432,Brufen 200mg,,,
NULL,AUGMENTIN,OD,,
M00234,Metonce 25mg(Metoprolol 25mg)Tab,TID,,
NULL,LOSARTAN,BID,,
M00270,Brufen 600mg(Ibuprofen600mg)Tab,BID,2 Weeks,IV
NULL,SYP AMOXICLAV,on morning,1 day,Oral
NULL,TAB. TAMOMIDE 40MG,OD- Morning,,
NULL,TAB. LEVOTHYROXIN 50MCG,1 tab before breakfast,,
NULL,CAP. NASVIT D3,OD. night,,
NULL,CAP. CEPHALEXIN 500MG,TID,,
NULL,TAB. GETRYL 2MG,BID,,
NULL,CAP. SUPRAMYCINE 100MG,BID,,
NULL,CAP. TAMSOLUCIN 0,4MG,OD-night,,
NULL,TAB. MAXOLON 10MG,BID- before meal,,
NULL,SRYP. IBERT,BID,,
NULL,TAB. MOXIGEET 400MG,OD,,
NULL,SRYP. COREX D,TID,,
NULL,TAB. LEVOCITRTIZINE+M,OD,,
NULL,SPRAY. RHONOSONE-P,QID,,
NULL,TAB. NAPROX 500MG,BID,,
NULL,TAB. GLUCOPHAGE 500MG,BID,,
NULL,TAB. OSPAMAX 1GR,BID,,
NULL,TAB. LEVOMERC 500MG,OD,,
NULL,TAB. NT-ZONE,BID,,
NULL,TAB. ZOPOXIN LVS 40/75 MG,OD before meal,,
NULL,AMP. D4U 200000 IU,weekly injection,,
NULL,TAB. NUBEROL FORT,TID,,
NULL,INJ. TESTOSTERONE 250MG,weekly injection,,
NULL,TAB. PAROMAX 20MG,OD,,
NULL,TAB. OAD,OD,,
NULL,TAB. TADOCIP 20MG,PRN,,
NULL,TAB. CLOMIPRAMIN 25MG,OD- night,,
NULL,TAB. FEFOLVIT,BID,2 Weeks,Oral
NULL,TAB. PROLEXA 10MG,OD,2 Weeks,Oral
Nev,Nevakson/CeftriXONE 1G Vil,BID,1 Week,IV
M00245,Glucophage XR 750mg(Metformin +Hydrochloride)Tab,OD,1 Month,Oral
NULL,AORLINE-F 10/160MG,OD,1 Month,Oral
M00271,Ascard  75mg(Aspirin 75mg),OD,1 Month,Oral
M00247,Glucophage 850mg(Metformin +Hydrochloride)Tab,OD,1 Month,Oral
M00034,Zetro(Azithromycin) 200mg/ Syp,BID,5 days,Oral
M00486,Panadol CF Tab,TID,5 days,Oral
NULL,HYDRALINE,TID,5 days,Oral
M00249,Dapa Met  XR(Dapagliflozin &metformin)Tab,OD,1 Month,Oral
Cov,Co-Valtec/Val/hyd 80/12.5 Tab,OD,1 Month,Oral
NULL,ATORLINE - F 10/160MG,OD,1 Month,Oral
Tam,Tamspas-d/Tamsulosin Hy 0.4/Dutasteride 0.5 Tab,OD,1 Month,Oral
M00339,Levomerc(Levofloxacin)500mg Tab,OD,10 Days,Oral
NULL,BITHANECHOL 25MG,BID,10 Days,Oral
M00063,Sabal Serr 30ml/ Drop,TID,10 Days,Oral
M00203,Naprox(Naproxin)500mg/ Tab,BID,10 Days,Oral
M00414,Softovac Powder,BID,1 Month,Oral
Caro,Carodek/Cranberry vit C Sach,BID,5 days,Oral
M00062,Kidflow 30ml/ Drop,TID,10 Days,Oral
M0001,DELTACORTRIL TAB,BID,10 Days,Oral
NULL,TAMSULOSIN 0.4 TAB,OD,1 Month,Oral
NULL,LEVOTHYROXIN 100MCG,OD,1 Month,Oral
M00093,Imipramine 25mg/ Tab,OD,1 Month,Oral
Lev,Levomerc/Levofloxacin 250mg Tab,OD,10 Days,Oral
M00012,Urofast /Syp,TID,10 Days,Oral
Testo,Testoviron Depot/Testosterone 250mg Amp,OD,1 Month,IM
NULL,FOSFOMYCIN POWDER 3 GR,OD,1,Oral
M00221,Caver Nos (Libido Enhancer)Cop,OD,1 Month,Oral
NULL,SAFEACID CAP,BID BM,10 Days,Oral
NULL,MECOBALAMINE INJ 1500MG,od every other day,1 Month,IM
M00191,Gabix(Gabapentin)300mg/ Cap,OD night,1 Month,Oral
M00162,Calcimax Forte/ Tab,od morning,1 Month,Oral
NULL,DAPA MET  XR10/850M(DAPAGLIFLOZIN &METFORMIN)TABG,OD morning,1 Month,Oral
M00262,Eziday 50mg(Losartan potassium 50mg)Tab,OD,1 Month,Oral
NULL,DULOXETIN 20MG TAB,OD,1 Month,30
NULL,DIPLUS 5/80MG  
AMLODEPINE + VALSARTAN,OD night,1 Month,Oral
M00014,Kidfow 100mg/ Syp,BID,1 Month,Oral
NULL,LEVOTHYROXIN 50MCG TAB,OD,1 Month,Oral
Ent,Entamizole-DS/Diloxanide Metr 500/400mg Tab,BID,10 Days,Oral
M00112,Inderal(Propranolol)40mg/ Tab,BID,1 Month,Oral
M00172,Trihemic 600mg/ Tab,BID,1 Month,Oral
M00158,Folic Acid/ Tab,OD,1 Month,Oral
serc,serc/Betahhistine 16mg tab,BID,1 Month,Oral
NULL,MECLIZINE 25MG TAB,BID,1 Month,Oral
M00260,Mont-LC 10/5mg(Montelukast+Levocetirizine)Tab,od night,10 Days,Oral
M00207,Actho P(Thiocolchicoside+Acelofenac+paracetamol,od lunch,10 Days,Oral
NULL,LEVOTHYROXIN 150MCG,OD morning,1 Month,Oral
NULL,MELATONIN 3 MG TAB,,,
NULL,MULTIGLYCERLOPHAPHATE SYP,,,
M00256,Tiovair 18mcg(tiotropium 18mcg)Tab,OD night,1 Month,Inhalation
NULL,DELTACORTRIL  5MGTAB,BID,10 Days,Oral
co ez,Co Eziday TAB,OD,1 Month,Oral
Lipi,Lipiget(Atorvastatin)20mg Tab,OD night,1 Month,Oral
NULL,DI-PLUS 5 /160MG,OD,1 Month,Oral
NULL,NOSPA 40MG TAB,BID,10 Days,Oral
NULL,DAPA MET  XR5/1000M(DAPAGLIFLOZIN &METFORMIN)TABG,od morning,1 Month,Oral
NULL,VITAMIN B12 1500 INJ,OD,1 Month,IM
M00483,Amoxicillin 500mg Cap,BID,10 Days,Oral
NULL,HYDRALINE SYP,TID,10 Days,Oral
NULL,TELMISARTAN 40MG TAB,OD Morning,1 Month,Oral
M00294,Lasix(Furosemide 20mg)Tab,OD morning,1 Month,Oral
NULL,IRON SUCCROSE 100MG INJ,OD,10 Days,IV
M00167,Folic(Folic Acid)5mg/ Tab,OD morning,1 Month,Oral
M00013,Nefrolit 100mg/ Syp,BID,1 Month,Oral
Alf,Alfa-wel/Alfacalcidol 0.5mcg Tab,OD,1 Month,Oral
M00141,Calcium Carbonate/ Tab,BID,1 Month,Oral
NULL,CIFXIME 400 MG CAP,OD,10 Days,Oral
NULL,SYRINE,OD,,
NULL,CAP.,OD-Night,,
M00484,Atoksilin(Amoxicillin)500mg Cap,BID,15 days,Oral
NULL,NAROXEN 250 MG TAB,BID,15 days,Oral
NULL,DELTACORTRIL 10MG TAB,BID,15 days,Oral
M00411,Multivitamins EFF Tab,OD,15 days,Oral
M00084,Paroxogen(Paroxetine)20mg/ Tab,OD,1 Month,Oral
NULL,CAVER NOS (LIBIDO ENHANCER) CAP,OD,1 Month,Oral
NULL,ORAL GEL: TADANIFIL+DEPOXETINE,OD,10 Days,Oral
M00348,Cefiget (Cefixime)400mg Cap,OD,10 Days,Oral
NULL,CAP. DEXTOP 60MG,??? ??? ?? ???,,
NULL,INC. TESTOSTERON 250MG,???? ?? ??? ????,,
NULL,TAB. FLAGYL 400MG,??? ? ?? ??? ?? ???,,
NULL,CAP. AMOXICILINE 500MG,??? ? ?? ??? ?? ???,,
NULL,TAB. PANADOL 500MG,??? ???,,
NULL,INJ. HCG 5000,???? ?? ??? ??? ????,,
NULL,CAP. OMIGA,?? ??????,,
NULL,TAB. CLOMIPHIN 50MG,??? ??????,,
NULL,CAP. GABIX 300MG,?? ??????,,
NULL,TAB. NITROFURANTOIN 100MG,??? ? ??,,
NULL,TAB.PAROMAX 2OMG,?? ??????,,
NULL,CAP. GONADIL F,??? ? ??,,
NULL,TAB. ASCARD 75MG,??? ??????,,
NULL,CAP. DULAN 30MG,?? ??????,,
NULL,TAB. TINIDAZOL 500MG,??? ? ?? ??? ?? ???,,
NULL,SRYP. NEUROZINE,??? ??? ?? ????,,
NULL,TAB. XENEX 0.25MG,?? ??????,,
NULL,CAP. OMIGA 3,??? ??????,,
NULL,TAB. MOXIGET 400MG,?? ??????,,
NULL,SYRP. COREX D,?? ??? ?? ????,,
NULL,TAB. FEXET 60MG,?? ??????,,
NULL,TAB. SEROFT 50MG,????,,
NULL,DULOXETIN 30MG TAB,OD,1 Month,Oral
NULL,TAMPAS-D 0.4/0.5,OD Night,1 Month,Oral
NULL,NOVIDET 500 MG TAB,BID,10 Days,Oral
NULL,CAPSACIN OINT,od night,10 Days,Oral
NULL,TAB. DEXTOP 30MG,?? ??? ?? ???,,
NULL,CAP. GOMEN,??? ???,,
NULL,TAB. BUSPIRONE 5MG,??? ??? ?? ??????,,
NULL,INJ. NEUROBION,?? ??? ????,,
NULL,TAB. CALCIMAX OP,??? ??????,,
NULL,TAB. GETFORMIN 2/500MG,BID,1 Month,
NULL,TAB. ZOPENT 40MG,OD,1 Month,
NULL,TAB. NEUBEROL FORT,TID,10 Days,
NULL,TAB. XALLER 50MG,OD,,
NULL,CAP. LONG LAST,PRN,,
NULL,TAB. GOMEN,BID,,
NULL,CAP. OMEGA 3,OD,,
M00016,Tres-Orix Forte /Syp,TID,1 Month,Oral
NULL,TAB. PAR,???? ??? ?? ??? ???? ???? ?? ????,,
NULL,TAB. CHYMORAL FORT,?? ???,,
NULL,TAB. AUGMENTIN 1GR,??? ???,,
NULL,TAB. DEXTOP 60MG,?? ??? ?? ???,,
NULL,TAB. CAPOTEN 25MG,??? ? ??,,
NULL,TAB. NEUROBION,?? ??? ??? ?? ???,,
NULL,TAB. ALP 0.5MG,?? ??????,,
NULL,TAB. ITP OD 150MG,??? ??? ?? ???,,
NULL,TAB, GOMEN,??? ??????,,
NULL,TAB.. NUBEROL FORT,?? ???,,
NULL,TAB. GABIX 100MG,?? ??? ?? ???,,
NULL,TAB. SITAMET 50/500MG,??? ? ??,,
NULL,CAP. FEFOLVIT,?? ?????? ??? ?? ???,,
NULL,TAB. PROTHIADIN 25MG,?? ??????,,
NULL,CAP.. GLUCOPHAGE 500MG,??? ???,,
NULL,TAB. CIPROXEN 500MG,??? ???,,
NULL,TAB. NEOGYLE 500MG,??? ???,,
NULL,MIRABET(MIRABEGRON)50MG/ TAB,OD,1 Month,Oral
NULL,CAP. ZOPOXIN LVS,??? ??? ?? ???,,
NULL,INJ. D3 ( 200000 IU ),???? ?? ??? ????,,
M00265,Lipiget 10mg(Atorvastatin 10mg)Tab,OD,1 Month,Oral
NULL,AUGMENTIN 375MG TAB,BID,5 days,Oral
Pana,Panadol CF / Combind Tab,TID Half,5 days,Oral
NULL,SPASLAR TAB,BID,10 Days,Oral
NULL,TAB. SERC 16MG,?? ???,,
NULL,TAB. AMLO 10MG,?? ??????,,
NULL,TAB. ZETRO 500MG,?? ??????,,
NULL,SYRP. DUPHALAC,?? ???? ?? ??? ??? ?? ???,,
NULL,TAB. OXYBUTYNIN 5MG,???  ??????,,
NULL,INJ. MIXTARD 30/70,??? 26 ???? ? ?? 18 ????,,NULL
NULL,TAB. GETFORMIN 1/500,??? ???,,NULL
NULL,TAB. CABERGOLIN 0,5 MG,???? ????? ( ?????? ? ???? ),,NULL
NULL,TAB. CEFIGET 200MG,??? ? ??,,
NULL,SERUM RINGER 500ML,OD,,
NULL,INJ : MAXOLON,,,
NULL,INJ : PANOPRAZOLE 40 MG,,,
NULL,INF : FLAGYL,,,
NULL,AMP: PARACTOAMOL 600MG,,,
NULL,MULTIVITAMINS+ BIOTIN  TAB,OD night,1 Month,Oral
Cran,Cran Max/Cranberry Pow,BID,10 Days,Oral
M00485,Neurobion(Vit B1.B6.B12) Tab,TID,1 Month,Oral
NULL,TAB. FOLIC ACID 5MG,???,,
NULL,TAB. CONCOR 5MG,?? ??????,,
NULL,TAB. NRUOBION,??? ???,,
NULL,TAB. THYROXIN 50MCG,??? ??? ?? ???,,
NULL,DESSMOPRESSIN 0.2 MCG CAP,OD Night,1 Month,Oral
Dap,Daplyza-M(Dapagliflozin+Metformin)5mg+1000mg Tab,OD night,3 month,Oral
NULL,TAB. NOVOME,??? ? ?? ??????,,
NULL,TAB. METRONIFAZOL 400MG,?? ???,,
NULL,TAB. CHOLORPROMAZINE 25MG,?? ??? ??????,,
NULL,TAB. TODACIP 20MG,??? ???? ?? ????? ????,,
NULL,TAB. DURAGESIC,?? ??? ??? ?? ???,,
NULL,TAB. HERBESSER SR ( DITIAZEM ) 90MG,??? ??????,,
NULL,TAB. HERBESSER SR ( DILTIAZEM ) SR 90MG,??? ??????,,
NULL,TAB. DULAN 30MG,?? ??????,,
NULL,CAP. SANGOBION,??? ?? ????,,
M00349,Cefiget (Cefixime)200mg Cap,BID,5 days,Oral
Cef,Ceftriace1/ceftriaxone 1g Vil,BID,5 days,IV
M00169,Decadron Inj,BID,5 days,IV
M00074,Cosom E/ Syp,TID,10 Days,Oral
M00190,Gabix(Gabapentin)100mg/ Cap,OD,1 Month,Oral
NULL,ATORVISTATIN 20MG TAB,OD,10 Days,Oral
M00336,Nitrofurantoin 100mg Tab,BID,5 days,
NULL,DAPA MET  XR10/1000M(DAPAGLIFLOZIN &METFORMIN)TABG,OD Morning,1 Month,Oral
NULL,CO EXTOR PLUS 160/5/12,5 MG TAB,OD,1 Month,Oral
M00187,Dynalip PT/ Tab,OD,10 Days,Oral
NULL,LOSARTAN 25 MG TAB,OD,10 Days,Oral
NULL,GOMAN TAB,OD,1 Month,Oral
NULL,GARGALIN SOL,TID,10 Days,
NULL,TAB. NT-ZONE 500MG,??? ? ??,,
NULL,TAB. SILDENAFIL 100MG,?? ????? ???? ?? ???? ????,,
NULL,SACHET. CRANMAX,??? ? ?? ?? ?? ????? ??,,
And,Andrex/Testosterone 40mg Cap,OD,1 Month,Oral
NULL,TADACIP TANDANAFIL 10MG TAB,OD,10 Days,Oral
NULL,TAB. SITA 50MG,??? ???,,
NULL,TAB. LEVOPRIDE 50MG,?? ??? ?? ???,,
M00481,Parol(Paractamol)500mg Tab,TID,10 Days,Oral
NULL,DEXON 0.5 MG TAB,BID,10 Days,Oral
Praz,Prazol_D/Panto/Dompe 40mg/30 Cap,BID,10 Days,Oral
NULL,N. SPRAY. RHINOSONE P,???? ??? ???? ?? ????,,
NULL,?SYP. GONKOCELL,??? ???,,
NULL,TAB.  CIPROXEN 500MG,??? ???,,
NULL,NIJ. TESTOSTERON 250MG,???? ?? ??? ????,,
NULL,TAB. RAMIPRIL 5MG,?? ??????,,
NULL,AMP PARACTAMOL 600MG,OD,,IV
NULL,PANTOPRAZOLE 40MG INJ,OD,,IV
M00468,Maxolon(Metoclopramide) Inj,OD,,IV
Dulan,Dulan(Duloxetine) 30mg Cap,OD,1 Month,Oral
NULL,?SRYP. GINKOCELL,??? ? ?? ?? ????,,
NULL,SRYP. ULSANIC,?? ??? ?? ???? ??? ?? ???,,
NULL,SYP. COSOAM E,?? ??? ?? ????,,
NULL,TAB. GANATON OD 150,??? ??? ?? ???,,
NULL,CAP. OVACARE,?? ??????,,
NULL,CEFTRIAXONE 1GR,BID,5 days,IV
NULL,HYTRIN 1 MG TAB,OD,1 Month,Or
NULL,CAP. TAMSOLUCIN 0.4MG,??? ??????,,
NULL,TAB. GETRYL 2M,??? ??? ??????,,
Myt,Myteka/Montelukast Sach 4mg,OD,5 days,Oral
M00204,Spiromide(Spironolactone+Furosemide)/ Tab,OD,10 Days,Oral
NULL,TAB. PAROXYL 20MG,???? ??? ?? ??? ???? ???? ?? ????,,
NULL,TAB. MULTIVITAMIN EFF,??? ? ?? ?? ?? ????? ??,,
NULL,SYP. NEUROZIN,??? ??? ?? ????,,
NULL,EFF MULTIVIT,BID,10 Days,Oral
NULL,NEUBRAL FORTE TAB,BID,10 Days,Oral
NULL,INJ. NOVOCEF 500MG,??? ????,,
NULL,INJ. PANTO 40MG,?????,,
NULL,INJ. MAXOLON,????? ?? ?????,,
NULL,SERUM RINGER LACTATE 500CC,?????,,
M00372,Nospay Drop,BID,,
NULL,SRP. GINKO,??? ??? ??????,,
NULL,TAB. CONCOR 2.5MG,?? ??????,,
NULL,TAB. CO-EZIDAY,??? ??????,,
NULL,POMAD. CLOTRIMAZOL,??? ??? ???? ???,,
NULL,MOVOCOL POWDER,BID,10 Days,Oral
NULL,2 SUM 2GR VIAL,BID,5 days,IV
NULL,TAB. BISACODYL 5MG,?? ??????,,
NULL,?TAB. NUBEROL FORT,,,
NULL,TAB. FAMOTIDIN 40MG,?? ??? ?? ???,,
NULL,CAP. IMODIUM 2MG,??? ?? ??,,
M00255,Loprin 75mg(Aspirin 75mg)Tab,OD,1 Month,Oral
NULL,SYPP. GINKO,??? ? ?? ?? ????,,
NULL,CO TELSAN 40 /12.5MG TAB,OD,10 Days,Oral
NULL,HYRIN 2 MG TAB,OD,1 Month,Oral
NULL,YTIG -PLUS TAB,OD,3 month,Oral
NULL,CAVARNOS CAP,OD NIght,3 month,Oral
M00132,Evion(Vitamin E)600mg Cap,OD,3 month,Oral
NULL,TAB. LONG LAST ( SIL+DEP),?? ????? ????,,
NULL,TAB. IMIPRAMIN 10MG,?? ??????,,
NULL,TAB. ACET,??? ? ?? ??????,,
NULL,REALGAB 75MG,OD,1 Month,Oral
NULL,VIAL 2SUM 2 GR,BID,5 days,IV
M00215,OAD(STRENGTH AND STAMINA)Tab,OD,20 days,Oral
M00319,Thyrox (Throxine 50mcg) Tab,OD,1 Month,Oral
NULL,TAB. ACYCLOVIR 400MG,?? ??? ??????,,
NULL,TAB. LONG LAST 100MG,?? ????? ????,,
NULL,TAB. GINKO,??? ? ?? ?? ????,,
NULL,DEUDART CAP ( DUTESTORIDE + TAMSULUSIN ) 0.4/0.5MG,OD,2 month,Oral
NULL,VIGRA ( SILDENAFIL ) 100MG TAB,OD,1 Month,Oral
NULL,YTIG -PLUS(VIGOR, PERFORMANCE,EXTRA STRENGHT) TAB,OD,1 Month,Oral
M00307,Esovic 40mg(Esomeprazole 40mg)Cop,OD,1 Month,Oral
NULL,OFLOXACIN 200MG TAB,BID,10 Days,Oral
NULL,REALGAB 75/500MCG TAB,OD,1 Month,Oral
Tamm,Tammislin-D/Tamsulosin&Dutasteride Tab,OD,1 Month,Oral
NULL,TAB. CABERGOLIN 0.5MG,2 times per week,,
NULL,TAB. Y.TIG PLUS,OD-morning,,
NULL,TAB. EZIDAY 5OMG,OD- night,,
NULL,TAB. LONG LAST,PRN,,
NULL,CAP. DEPEX 20MG,OD - Lunch,,
NULL,TAB. RABILIN D,OD-bofor breakfast,,
NULL,TAB. SITGLIPTIN 50MG,OD- Morning,,
NULL,TAB. SENSIVAL 25MG,1/2 Night,,
NULL,TAB. PANTONAS PLUS,OD,,
NULL,SRYP. DUPHALAC,TID before meal,,
NULL,TAB. BUSCOPAN PLUS,TID,,
NULL,SYRP. GINKOBILOBA,BID,,
M00176,Phenazomex(Phenazopyridine)100mg/ Tab,TID,10 Days,Oral
tada,TADACIP TANDANAFIL 20ML TAB,OD,1 Week,Oral
M00376,Xynosine(Xylometazoline) Drop,BID,5 days,Drops
M00242,Getformin2mg/500mg(Glimepiride+Metformin)Tab,OD Night,1 Month,Oral
NULL,OXYBUTYNINI 10MG/ TAB,BID,1 Month,Oral
M00157,Surbex Z Tab,OD Night,1 Month,Oral
NULL,SERTRALIN 50MG TAB,OD morning,1 Month,Oral
M00280,Danzen DS 10mg(Serratiopeptidase 10mg)Tab,BID,10 Days,Oral
NULL,ACETIO_P TAB,BID,10 Days,Oral
NULL,TAB. DOMPERIDON 10MG,?? ??? ??? ?? ???,,
NULL,TAB. PEPZYM,??? ??? ??????,,
NULL,CAP. GABIX 100MG,??? ??????,,
NULL,TAB. GEMEN,??? ??? ??? ?? ???,,
NULL,SERUM RINGER 1000CC,,,
Metro,Metroda/Metronidazol 500mg Tab,BID,5 days,Oral
NULL,CAP. DEXTOP 30MG,?? ??? ?? ???,,
NULL,BETHANICOL 25MG TAB,BID,1 Month,Oral
NULL,DROP. PANADOL,??? ?????,,
NULL,TAB. METHIMAZOLE 5MG,?? ??? ??????,,
M00156,Zinc Sulphate 20mg/ Tab,OD,1 Month,Oral
NULL,TAB, NUBEROL FORT,?? ??? ??????,,
NULL,INJ. FLAGYLE 400MG,?????,,
Pantom,Pantomac(Pantoprazole)40mg Vail,OD,3days,IV
Ami,Aminovel 600mg,OD,,IV
M00444,Ketrolac Amp,OD,3days,IV
M00228,Neurobion(Vit B1.B6.B12) Inj,OD,3 days,IV
NULL,SERUM N/S 100ML,OD,3 days,IV
NULL,TAB. OLIGOCARE,??? ??????,,
M00236,Concor 2.5M(Bisoprolol Hemifuarate)Tab,OD,1 Month,Oral
NULL,TAB. ESOMO- L,??? ??? ?? ???,,
NULL,TAB. GONADIL F,??? ? ?? ??????,,
NULL,POMAD POLYFAX,??? ?????,,
NULL,TAB. LONG,?? ????? ????,,
NULL,TAB. TALI,???? ??? ??? ???? ??? ??? ?? ????,,
Vitg,Vigrodit(Sildenafil)100mg Tab,OD,1 Week,Oral
NULL,CAP. HERBESSER 90MG SR,?? ??????,,
NULL,TAB.  PAROMAX 20MG,???? ??? ??? ???? ??? ?? ??????,,
NULL,DROP. DOMPERIODON,??? ?????,,
NULL,SYP. CEFIGET 100MG,??? ?????,,
Cel,Celbex/Celecoxib 200mg Cap,OD,10 Days,Oral
M00079,Gaviscan/ Syp,TID,1 Month,Oral
Rab,Rabesec-D SR/Combined Cap,OD,1 Month,Oral
Prolex,Prolex plus sachet,OD,10 Days,Oral
NULL,INJ. INSULIN LANTUS,?? ????? ??? 6 ????,,
NULL,INJ. NOVO RAPID,?? ??? ?? ????? ??? 2 ????,,
NULL,INSULIN LANTUS,?? ????? ???? 6 ????,,
NULL,INSULIN NOVORAPID,?? ??? ?? ????? ??? 2 ????,,
NULL,DROP. SANKOL,??? ? ?? 20 ??? ? ?? ?? ????? ??,,
NULL,TAB. COLOFAC 135MG,?? ??? ??? ?? ???,,
NULL,GASTR,,,
NULL,VIAL CEFTRIAXONE 1 GR,BID,4 days,IV
M00051,Parol(Paractamol)120mg/ Syp,QID,4 days,Oral
M00073,Cosom/ Syp,TID,,Oral
M00377,Xynosine child(Xylometazoline) Drop,TID,4 days,Oral
M00047,Novidat(Ciprofloxacin)250mg/ Syp,BID,5 days,Oral
NULL,AMP. NERUBION,?? ????? ??????? ?? ?,,
Doxyc,Doxycycline 100mg Tab,BID,21days,Oral
NULL,SYP. HEPAMERZ,??? ? ?? ?? ????,,
NULL,INJ. INSULIN MIXTARD 70/30,??? 26 ???? ? ?? 20 ????,,
NULL,TAB. GINKOCELL,??? ??? ?? ????,,
NULL,SYP CIFIGET 200MG/5ML,BID,5 days,Oral
NULL,LDNIL-ASP TAB,OD night,1 Month,Oral
Gastro,Gastro-D/Rabeprazol+Domperidone 20mg Cap,BID,1 Month,Oral
NULL,TAB.  TAMOMIDE 40,??? ??????,,
NULL,LEVOTHYROXIN 25MCG TAB,OD,1 Month,Oral
NULL,TAB. CARA 20MG,?? ??????,,
NULL,TAB. LASIX 20MG,??? ? ???? ??????,,
NULL,INJ. ERYTHROPOETIN 2000 IU,???? ?? ??? ??? ????,,
M00351,Ciprocoast(Ciprofloxacin)500mg Tab,BID,10 Days,Oral
NULL,INSULIN GLARGIN,OD,1 Month,SC/SQ
M00145,Flu-con(Fluconazole)150mg/ Cap,OD,5 days,Oral
M00025,Spaslar P(Hosin) 5mg/ Syp,TID,10 Days,Oral
FAMO,Famotidin/Syp 10mg,BID,10 Days,Oral
NULL,TAB. ZENTAL 200MG,?? ?????? ?????? ????? ???,,
NULL,INJ. HCG 5000 IU,???? ?? ??? ???? ) ???? ? 4 ????,,
NULL,TAB. PAROL 500MG,?? ??? ?? ????,,
NULL,TRIAMCINOLONE 40MG INJ,OD,1 days,Oral
M00291,Famoscot 40mg(Famotidine 40mg)Tab,BID,10 Days,Oral
NULL,SYP. NERUOMAX,,,
NULL,POMAD. HEMORIOD PLUS,??? ?????,,
NULL,CAP. GABIX,?? ??????,,
NULL,SACHET CRANMAX,??? ??? ?????? ?? ?? ????? ??,,
Mirab,Mirabet(Mirabegron)50mg Tab,OD,1 Month,Oral
NULL,SYP. GINKO,??? ??? ??  ????,,
ITP i,ITP OD(Itopride)150mg Tab,OD,1 Month,Oral
NULL,GEL DACKTARIN,OD,,Oral
Para,Paracoast/Paracetamol Inf 1gr,OD,,IV
NULL,TAB. SILDENAFIL 50M,?? ????? ????,,
NULL,TAB. OVACARE,??? ??? ??????,,
NULL,CAP. ISOTRETINOIN 10MG,?? ??????,,
NULL,TAB. LORATADIN 10MG,?? ??????,,
NULL,DUTESTORIDE 0.5MG TAB,OD,1 Month,Oral
NULL,TAB. ALP 0.25,?? ??????,,
NULL,DROP. COLIMAX,??? ?????,,
NULL,TAB. SITNAS 50MG,??? ? ?? ??????,,
NULL,TAB. SILDENAFIL 25MG,?? ????? ????,,
NULL,NIPHROLIT B DROP,BID,1 Month,Oral
NULL,TAB. FLAGYL 200MG,??? ??? ??????,,
NULL,AMLODIPINE + VALSARTAN 5/80MG TAB,OD,1 Month,Oral
M00159,Flagyl(Metrandazole) 400mg/ Tab,TID,5 days,Oral
NULL,TAB. TA,??? ??????,,
NULL,TAB.,,,
Get,Getryl/Glimepiride 2mg Tab,OD,1 Month,Oral
NULL,AMLODEPINE+VALSARTAN 5/160MG  TAB,OD,1 Month,Oral
NULL,CAP. PREG +M,?? ??????,,
NULL,SYP. ZETRO 200MG,?? 4 ?? ??,,
NULL,SYP. PAROL 125/ML,?? ??? 5 ?? ??,,
NULL,TAB., SITAMET 50/500,??? ?? ??????,,
NULL,DROP. PAROL,??? ?????,,
NULL,CAP. DULAN 30,?? ??????,,
M00119,Napsum(sumatriptan+Naproxen)80/500mg/ Tab,BID,,Oral
Clind,Clind-Aura(Clindamycin) 300mg Cap,BID,10 Days,Oral
M00482,Panadol(Paracetamol) 500mg Tab,TID,10 Days,Oral
NULL,TAB. CLOMIPRAMIN 10MG,??? ??????,,
NULL,TAB. DEPOXTIN 30MG,,,
Tini,Tinibact(Tinidazole)500mg Tab,OD,5 days,Oral
NULL,TAB PREBOITICS & PROBITOCS,OD,10 Days,Oral
NULL,TAB. MONTILUKAST+L,?? ??????,,
NULL,TAB.  ITP OD 150MG,??? ??? ?? ???,,
NULL,TSH,,,
NULL,TAB. INDERA,?? ??????,,
M00248,Dapa 5Mg(Dapagliflozin 5mg)Tab,OD,1 Month,Oral
M00189,Silorap(Silodosin)8mg/ Cap,OD,1 Month,Oral
NULL,TAB. NITROMENT 2.6MG,??? ??? ??????,,
NULL,DICLOFENAC K 75MG    TAB,BID,10 Days,Oral
NULL,TAB. GENESIS 30MG,??? ??? ??????,,
NULL,TAB. METHI,?? ??? ?? ?? ??????  ???? ?????,,
NULL,INJ. NOVOCEF 1GR,??? ??? ?? ??? ????? ?????  ??? ?? ???? ??????,,
NULL,INJ. DECADRAN 4MG,??? ??? ?? ??? ?????,,
Mor,Moringa/Combined Tab,OD,1 Month,Oral
CDK,CDK/Combind,OD,1 Month,Oral
NULL,TAB. PANTONAS PLU,?? ??? ?? ???,,
M00212,Fenoget  200mg(Fenofibrate 20mg)Tab,OD,1 Month,Oral
NULL,PIREBIOTIC & PROBIOTIC CAP,OD,1 Month,Oral
NULL,CAP.SUPRAMYCINE 100MG,BID,,
NULL,TAB. INDERAL 10MG,BID,,
M00299,Metnizol 500mg(Metronidazole500mg)Tab,BID,10 Days,Oral
Ato,Atoksilin/Amoxicillin 1G Tab,BID,10 Days,Oral
NULL,Tramal (Tramadol)50mg Tab,OD,1 Week,Oral
Mof,Mofest/Moxifloxacin 400mg Tab,OD,5 days,Oral
NULL,OMEPRAZOLE 20MG CAP,OD,10 Days,Oral
NULL,INJ. INSOLIN MIX 30/70,??? 22 ???? ? ?? 16 ????,,
NULL,TAB. ROVISTA 10MG,,,
NULL,SRYP. COSOAM E,?? ??? ?? ????,,
NULL,TAB. XENAX0.25MG,?? ??????,,
NULL,SYP. GINKOCELL,??? ? ?? ?? ????,,
NULL,SERUM NACL 0.9% 1000ML,,,
NULL,TAB. SILDENAFIL 50MG,?? ????? ????,,
M00285,Zopent 40mg(Pantoprazole 40mg)Tab,BID,10 Days,Oral
M00327,Methimazole 5mg Tab,BID,1 Month,Oral
NULL,NEGAZOLE 500 MG TAB,BID,10 Days,Oral
NULL,SYP. COFERB,?? ??? ?? ????,,
NULL,TAB. ACETAMOPHIN+CODIN,?? ??? ??????,,
NULL,TAB. PHENZOPYRIDIN,?? ??? ??????,,
NULL,INJ. GRACIL 500MG,?? ??? ??? ????? ?????,,
NULL,TAB. FOSFOMYCINE 500MG,,,
NULL,MECOBALAMINE TAB 500MG,OD,2 Weeks,Oral
M00171,Omni/ Tab,OD,1 Month,Oral
NULL,RABIPRAZOLE+ DOMPERIDONE CAP,BID,1 Month,Oral
M00239,Amlo10MG(Amlodopine 10mg)Tab,OD,1 Month,Oral
NULL,CAP. FLUCONAZOL 150MG,??? ??????,,
NULL,RABIPRAZOLE+ DOMPERIDONE (NEON)CAP,BID,1 Month,Oral
Gaba,Gaba(Gabapentin)300mg Cap,OD,1 Month,Oral
NULL,SYP., GINKO,??? ? ?? ?? ????,,
Pant,Pantoline/Pantoprazole Vil 40mg,,,
M00369,Gravinate(Dimenhydriate)12.5mg/ Inj,,,
M00147,Ferfolic/ Cap,OD,1 Month,Oral
NULL,CAP. DEPEX 20MG ( FLUOXITIN ),???? ??????,,
NULL,OFLIBID ( OFLOXACIN ) 200MG TAB,BID,10 Days,Oral
More,More Biotic(Probiotic) Cap,BID,5 days,Oral
NULL,TAB. ?AMLO 10MG,??? ??????,,
NULL,SYP, ULSANIC,?? ??? ?? ???? ?? ???? ????? ???,,
NULL,TAB. DU,?? ??????,,
NULL,TAB. ALPHACALCIDOL 0.5MG,??? ??????,,
NULL,TAB.  CEFIGET 200MG,??? ? ?? ??????,,
NULL,SACHTET. CRANMAX,??? ? ?? ?????? ?? ?? ????? ??,,
NULL,TAB. GOM,??? ??????,,
NULL,AZITHROMYCIN 250MG  TAB,BID,5 days,Oral
NULL,TAB.  TODACIP 20MG,?? ????? ???? ??? ????,,
NULL,AMP. D4U200000IU,???? ?? ??? ????,,
NULL,TAB. VERAPAMIL 80MG,??? ??? ??????,,
NULL,SERUM FLAGYL,OD,,
NULL,VIALPANTOPRAZOLE 40MG,OD,,
NULL,FAMOTIDINE 20MG TAB,BID,5 days,Oral
NULL,TAB, INDERAL 10MG,??? ??? ??????,,
NULL,TAB. SPIROMIDE 20/50MG,??? ??????,,
NULL,TAB. MOTILIUM 10MG,??? ?? ??? ??? ?? ???,,
NULL,SYP. CALCIMAX,??  ??  ????,,
NULL,SYP. TOTALVIT,??? ?? ????,,
Rifa,Rifaxa(Rifaximin)550mg Tab,OD,10 Days,Oral
M00459,Maxolon(Metoclopramide) Tab,BID,1 Month,Oral
NULL,SYP. ALBENDAZOL 200MG,????? ????? ???,,
NULL,TAB. LIBRAX,?? ??????,,
NULL,CAP. SENSIVAL 25MG,?? ??????,,
NULL,TAB. PROPYLTHIOURACIL 50MG,??? ? ?? ??????,,
NULL,TAB. NOVOM,?? ??? ?????? ?? ???? ?????,,
NULL,TAB. LOGY,,,
NULL,TAB. METRONIFAZOL 500MG,??? ??? ??????,,
NULL,TAMSULOSIN 0.4 CAP,OD,10 Days,Oral
NULL,VIAL. DECADRAN 4MG,??? ??? ?????,,
NULL,TAB.  OXYBYTYNIN 5MG,?? ??????,,
NULL,CAP. OSPAMX 1GR,??? ? ?? ??????,,
NULL,TAB. SITAGLIPTIN 50MG,??? ??????,,
NULL,TAB LIV52,BID,10 Days,Oral
NULL,JPARO,,,
NULL,TAB. QUESEL 25MG,?? ??????,,
NULL,TAB. OSTNEM,??? ??????,,
NULL,SYP. TRIMETABOL,?? ??? ?? ???? ??? ?? ???,,
Cofe,Coferb Plus/120ml Syp,TID,10 Days,Oral
NULL,TAB. RIFAXAMIN 500MG,??? ??? ??????,,
M00151,Osteocare/ Tab,OD,1 Month,Oral
NULL,TAB. GETFORMIN 1/500 MG,??? ??? ??????,,
NULL,TAB.  ZOPENT 40MG,??? ??? ?? ???,,
NULL,SYP. MILK OF,?? ??? ?? ???? ??? ?? ???,,
NULL,TAB. SEP,??? ??? ??????,,
NULL,FENISTRIDE TAB,OD,1 Month,Oral
NULL,TAB, LONG LAST,?? ????? ????,,
NULL,D,,,
M00149,Sangobion/ Cap,OD,1 Month,Oral
NULL,LORATIDINE SYP,BID,,Oral
NULL,TAB. GO,,,
NULL,?TAB. SITAMET 50/500MG,??? ? ?? ??????,,
NULL,DROP. PROBOITIC,??? ? ?? 6 ????,,
NULL,SYP. METODIN DF,?? ??? 5 ?? ??,,
NULL,CEFAPERAZONE + SULBECTUM 2GR VIAL,BID,5 days,Oral
NULL,BISOPROLOL TAB2.5MG,OD,10 Days,Oral
NULL,CAP. GOANDIL F,??? ??? ?? ????,,
NULL,TAB. TEGRAL 200MG,?? ??????,,
NULL,TAB. TAM,?? ??????,,
NULL,TAB. VIDAGLIPTIN+MET 50/500MG,??? ??? ??????,,
NULL,TAB.  GETRYL 2MG,??? ??? ??????,,
NULL,TAB. ROSUVASTATIN 20MG,?? ??????,,
NULL,DROP. YAHOMOBINE,??? ? ?? 20 ????,,
NULL,TAB. LONG LOST,?? ????? ???? ??? ????,,
NULL,TADANAFIL+DAPOXETIN 20/30MG TAB,OD,10 Days,Oral
NULL,CAP. BIOVAS,??? ??????,,
NULL,PAMAD. POLYFIX,??? ?????,,
NULL,TAB. GENESIS,??? ??? ??????,,
NULL,OMNI ( MULTIVITAMIN+MINRAL) TAB,OD,1 Month,Oral
NULL,CAP.. DEPEX 20MG,??? ??????,,
NULL,INJ. TESTOSTERON 250MG,?? 15 ??? ??? ?? ??? ????,,NULL
Cefi,cefixime 400mg Tab,OD,10 Days,Oral
NULL,SITAGLUMET 100/1000MG(SITAGLIPTIN+METFORMIN)TAB,OD,1 Month,Oral
NULL,TIZANIDINE 2 MG TAB,BID,10 Days,Oral
NULL,TELMISARTAN 80 MG TAB,OD,1 Month,Oral
NULL,SYP. MULTIGLYCERALPHOSPHATE,??? ?  ?? ?? ????,,
NULL,CAP.. GABIX 300MG,??? ??????,,
Urig,Urigo/Febuxostat 40mg Tab,OD,1 Month,Oral
NULL,MULTIVIT TAB,OD,1 Month,Oral
NULL,TAB.  PARO,??? ??????,,
NULL,INJ. REFABACIN 80MG,?? ??? ??? ?????,,
NULL,CAP. DOXYCYCLIN 100MG,??? ??? ??????,,
NULL,TAB. FOLID 5MG,?? ??????,,
NULL,SRYP. ZETRO 200MG,?? 5 ?? ??,,
NULL,RABIPRAZOLE+ ITOPRIDE CAP,BID,10 Days,Oral
NULL,TAB. PARO,???? ??? ??? ??? ???? ???? ?????,,
NULL,TAB. TADALAFIL+DEPOXITIN,?? ????? ????,,
NULL,TAB. MIRTAZIPIN 15MG,?? ??????,,
Tetra,Tetrakim(Tetracycline)250 Cap,QID,14 days,Oral
NULL,TAB. SITA MET 50/500,??? ? ?? ??????,,
NULL,TAB. CRANMAX,??? ? ?? ?????? ?? ?? ????? ??,,
NULL,INF. FALAGYLE,?? 8 ???? ??? 15 ?? ??,,
Lab,Labetalol 50mg/10ml Inj,,,
M00387,ALP(Alprazolam)0.5mg Tab,OD,1 Month,Oral
NULL,SYP, COREX D,?? ??? ??? ?????,,
NULL,TAB, MOXIGET 400MG,?? ??????,,
NULL,TAB. DUALN 30,?? ??????,,
NULL,?DROP. YAHOMOBINE,?? ??? ?? ???? ?? ??? ????? ??,,
NULL,SYP, LILAC,?? ??? ?? ???? ??? ?????,,
NULL,TAB. LONG LAST 50MG,?? ????? ????,,
NULL,TAB. SPIROMIDE 40/50MG,??? ??????,,
Cipro,Ciproxent/Ciprofloxacin 500mg Tab,BID,5 days,Oral
NULL,TAB. CEPHALEXIN 500MG,?? ??? ??? ?????,,
NULL,SERUM MIX 1000 CC,?????,,
NULL,INF. FLAGYL,?????,,
Mix,Mixtard/ Insulin 30Hm Vil,BID,1 Month,
NULL,AMLODEPIN 5 MG TAB,OD,1 Month,Oral
Lasi,Lasix/Furosemide 40mg Tab,OD,1 Month,Oral
NULL,TAB. DEPEX 20MG,??? ??????,,
NULL,GINKOBILOBA SYP SUGAR FREE,BID,1 Month,Oral
NULL,TAB. SITA MET 50/500MG,??? ? ?? ??????,,
NULL,AMP. D4U 200000,???? ?? ??? ????,,
NULL,CAP. PANTONAS PLUS,??? ??????,,
NULL,TAB. PAANTONAS PLUS,??? ??? ?????,,
NULL,VILDIGLIPTIN + METFORMIN 50/500MG TAB,OD,1 Month,Oral
NULL,AMP. VITC500MG,?? ?????,,
NULL,SRYP. GINKOCELL,BID,,
M00107,Librax(Chlordiazepoxide+Clidinium)/ Tab,OD,1 Month,Oral
M00114,Seroft(Sertraline)50mg/ Tab,OD,1 Month,Oral
M00292,Vermox 100mg(Mebendazole 100mg|)Tab,BID,3 days,Oral
M00284,Pepzym(Combeind)Tab,BID,10 Days,Oral
NULL,GINKOBILOBA SYP,BID,10 Days,Oral
M00269,Bismol 265mg(Bismuth Subsalicylate265)Tab,BID,10 Days,Oral
NULL,BEPSAR PLUS 50/12.5MG TAB,OD,1 Month,Oral
M00286,Onset-8(Ondansetron 8mg)Tab,OD,10 Days,Oral
Clo,Clop-75/Clopidogrel 75mg Tab,OD,1 Month,Oral
NULL,CAP. ZOPENT 40MG,??? ??? ??? ?? ???,,
NULL,TAB. BEFLAM 75MG,??? ??? ??? ?? ???,,
NULL,TAB. ECASIL 600MG,??? ? ?? ??????,,
NULL,TAB. GONATON OD 150MG,??? ??? ?? ???,,
NULL,DOXYFILLIN 400MG TAB,OD,1 Month,Oral
NULL,CIFIGET 400 MG CAP,OD,5 days,Oral
M00006,Trimetabol/ Syp,TID,10 Days,Oral
NULL,TAB. CHLORPROMAZIN 25MG,?? ??? ??????,,
NULL,TAB. ECASIL 600MG ( LINEZOLID ),??? ??? ??????,,
NULL,TAB. METRONIFAZOL 500MG ( NEOGYL ),??? ? ?? ??????,,
NULL,?TAB. ASCARD 75MG,??? ??????,,
NULL,CAP. NAS,??? ??????,,
Solif,Solif(Solifenacin)10mg Tab,OD,1 Month,Oral
NULL,SYP, GINKOBILOBA,??? ??? ?? ????,,
NULL,TAB. AUGMENTIN 375 MG,BID,,
NULL,TAB. BRUFEN 200MG,BID,,
NULL,SYP. MUCAIN,?? ??? ??? ????? ?? ????,,
M00491,Metrozine(Metronidazole)200mg Tab,BID,5 days,Oral
NULL,TAB.  LONG LAST,?? ????? ???? ??? ????,,
NULL,TA,,,
NULL,TAB. MONTIGET 10MG,?? ??????,,
NULL,TAB. CO,??? ??????,,
NULL,SANGOBION SYP,TID,1 Month,Oral
NULL,CENTRUM MAN 50+ TAB,OD,6 month,Oral
NULL,OMEGA3  1000MG
 CAP,OD,1 Month,Oral
NULL,TAB. SIT,??? ??? ??????,,
NULL,DAKTARIN GEL,BID,,Oral
Thyrox,Thyrox(Thyroxine)25mg Tab,OD,1 Month,Oral
NULL,CAP. MECOBALAMIN,,,
NULL,TAB. METRONIDAZOL 200MG,??? ? ?? ??????,,
NULL,TAB. FAMOTIDIN 20MG,?? ??? ?? ???,,
NULL,POMAD. POLYFIX,???? ??? ???,,
NULL,TAB. VONIZA 20MG,??? ??? ?? ???,,
NULL,CAP. DUALN 30,?? ??????,,
NULL,CAP. DOMPERIDONE 10MG,?? ??? ??? ?????,,
NULL,ATB. SITAMET 50/500MG,??? ? ?? ??????,,
NULL,SERUM. NS 1000CC,?????,,
NULL,INJ. INSULIN MIX 30/70,,,
Evion,Evion(Vitamin E)400mg Cap,BID,1 Month,Oral
Panto,Pantonas Plus/Pantoprazole+Domperidone 40mg Cap,OD,10 Days,Oral
NULL,SERUM. RL 1000CC,?????,,
NULL,SERUM RL 1000CC,?????,,
NULL,VIAL., PANTO 40MG,?????,,
NULL,VITAMIN D3 200000 INJ,OD,1 Month,IM
NULL,TAB. GETRYL 4MG,?? ??????,,
NULL,TAB. CLOPIDOGRIL 75MG,??? ??????,,
NULL,TAB.  DULAN 30MG,?? ??????,,
M00413,ORS Powder,,,
NULL,INJ, REFABACIN 80MG,,,
NULL,TAB. SITAMET 50/1000 MG,??? ? ?? ??????,,
NULL,AUGMENTIN 675MG  TAB,BID,14 days,Oral
Long,Long Last(Sildenafil)100mg Tab,OD,10 Days,Oral
M00130,Pulmonol/ Syp,TID,10 Days,Oral
M00174,Zyloric(Allopurinol)300g/ Tab,OD,1 Month,Oral
NULL,TAB.  PAROL 500MG,?? ??? ??? ?????,,
NULL,CAP. XALLER 50MG,???? ??? ???? ??? ???? ???? ??????,,
NULL,TAB.  VIDAMET 50/500MG,??? ? ?? ??????,,
NULL,SERUM. MIX 1000CC,?????,,
NULL,TAB.  SITAMET 50/500MG,??? ? ?? ??????,,
Genesi,Genesis/Gliclazide 60mg Tab,OD night,1 Month,Oral
NULL,AMLODEPINE+VALSARTAN 10/160MG  TAB,OD night,1 Month,Oral
NULL,HYDROCHLOROTIAZIDE 50MG TAB,OD morning,1 Month,Oral
Sert,Sertaris 100(Sertraline)100mg Tab,OD,1 Month,Oral
Pul,Pulmonol/Combinde syp,TID,10 Days,Oral
Urosis,Urosis D(Tamsulosin+Dutasteride)0.4/0.5mg Cap,OD,1 Month,Oral
NULL,TAB. PREG +M,?? ??????,,
NULL,AMP. NERUOBION,?? ??? ????,,
Melaton,Melatonin 5mg Tab,OD,1 Month,Oral
Cardop,Cardoplus 50(Losartan+Hydrochlorothiazide) Tab,OD,1 Month,Oral
NULL,TAB.  RENITC 5MG,?? ??????,,
NULL,NEURO,,,
tin,Tinidazol(Tinidazole)500mg tab,OD,3 days,Oral
NULL,TAB. BSUCOPAN PLUS,?? ??? ??????,,
NULL,ORS JUICE,??? ?????,,
NULL,TAB. TAMSOLUCIN 0.4,?? ??????,,
NULL,CARBIMAZOLE 5MG,TID,1 Month,Oral
M00113,Inderal(Propranolol)10mg/ Tab,BID,1 Month,Oral
M00005,Ulsanic (Sucralfate) 1g/ Syp,TID,1 Month,Oral
NULL,TINIDAZOLE 500MG,OD,3 days,Oral
M00022,Gastracid / SYP,TID,1 Month,Oral
M00316,Thyrox (Throxine 100mcg) Tab,OD,1 Month,Oral
M00166,Calcimax OP/ Tab,OD,1 Month,Oral
Vico,Vitamin D3 300000IU Inj,OD,1 Month,IM
Urocit,Urocit-K potassium citrate 1080mg,OD,1 Month,Oral
NULL,TAB. GETFORMIN 1/500MG,??? ? ?? ??????,,
M00183,Solifen(Solifenacin)10mg/ Tab,OD,1 Month,Oral
NULL,TAB. SEPTRAN DS,??? ??? ??? ?? ???,,
NULL,TAB. AMLO 5MG,???,,
NULL,TAB. GOEMEN,??? ??? ??????,,
NULL,TAB. CARBIMAZOLE 5MG,?? ?????? ??? ? ??,,
NULL,TAB. GETRYL 1MG,??? ? ??,,
NULL,TAB. BRUFEN 400MG,??? ? ?? ??? ?? ???,,
NULL,TAB. NOSPA 40MG,?? ??? ??? ?? ???,,
NULL,DROP.SANKOL,??? ? ?? 20 ???? ?? ?? ????? ? ??,,
NULL,TAB. URICONE 100MG,??? ???,,
M00091,Depex(Fluoxetine)/ Tab,OD,1 Month,Oral
M00131,Hepa Merz/ Syp,TID,10 Days,Oral
M00148,Multibionta(Multivitamins)/ Cap,OD,1 days,IV
parace,Paracetamol 600mg Inj,OD,1 days,IV
NULL,METHIMAZOLE 10MG TAB,TID,1 Month,Oral
NULL,CAP. COMBIVIR 400MCG,??? ??? ?? ????????,,
NULL,TAB. SEROFT 100MG,??? ??? ????,,
NULL,SYP. GINKOBILOBA,??? ??? ?? ????,,
NULL,TAB. ALBENDAZOLE 200MG,?? ?????? ?????? ????? ???,,
NULL,TAB. PAROXITIN 20MG ( NEON ),,,
NULL,CAP. ZEPOXIN LVS,??? ??? ?? ???,,
NULL,SHAMPO. KETOCONAZOL 2%,???? ????? ??? ???? ???,,
NULL,DAPA MET  XR5/850M(DAPAGLIFLOZIN &METFORMIN)TABG,BID,1 Month,Oral
FLA,Flagyl/metronidazole/500mg/inf,,,
NULL,TAB. LON,?? ????? ????,,
NULL,COVALTEC ( VALSARTAN + HCT ) 80/12.5 TAB,OD,10 Days,Oral
NULL,SYP, MILK OF MG,?? ??? ?? ???? ??? ? ?????,,
NULL,CIPROFLOXACIN 250MG TAB,BID,10 Days,Oral
M00240,Vidace-M PLUS(VILDAGLIPTIN+METFORMIN50/1000MG)Tab,BID,1 Month,Oral
NULL,TAB. SUHOGRA 100MG,?? ????? ????,,
NULL,AMIKACIN INJ 250MG,BID,7days,IV
NULL,INSULIN REGULAR,,,
NULL,TAB. VANIZA 20MG,??? ??? ?? ???,,
NULL,BETNOVIT N  OINT,,,
NULL,RABIPRAZOLE+ LEVOSULPIRIDE CAP,BID,1 Month,Oral
Biola,Biolac/Probiotic Cap,OD,1 Month,Oral
NULL,TAB. SUPRAMYCIN 100,??? ? ?? ??????,,
NULL,TAB. SEPTARAN DS,??? ? ?? ??????,,
Mox,Moxiget(Moxifloxacin)400mg Tab,OD,14 days,Oral
NULL,INJ. NERUOBION,???? ?? ??? ????,,
M00154,Vivioptal/ Cap,OD,1 Month,Oral
NULL,TAB. IT,??? ??? ?? ???,,
NULL,MOUT WASH PERFECT,??? ?? ??? ??????? ???,,
Capto,Captopril(Captopril)25mg Tab,OD,10 Days,Oral
M00199,Mirabet(Mirabegron)25mg/ Tab,OD,1 Month,Oral
M00200,Oxybutynini 5mg/ Tab,BID,1 Month,Oral
M00123,Dulan(Duloxetine)20mg/ Cap,OD,1 Month,Oral
NULL,GODMAN TAB,BID,1 Month,Oral
NULL,CHLOMEPHINE CITRATE 25MG TAB,OD,1 Month,Oral
M00333,Doxyspor(Doxycycline)100mg Cap,BID,10 Days,Oral
M00475,Septran DS(Co-trimoxazole) Tab,BID,15 days,Oral
NULL,ZETRO500MG TAB,OD,15 days,Oral
NULL,HYTRIN 2 MG TAB,OD,15 days,Oral
M00164,Cabersen(Cabergoline)0.5/ Tab,OD,1 Month,Oral
NULL,TAB. INDERAL 20MG,??? ??? ??????,,
NULL,TAB. XENAX 0.5MG,?? ??????,,
NULL,SYP. DUPHALAC,?? ??? ??? ?? ???,,
NULL,TAB. ACTIVE PLUS,??? ???,,
NULL,CAP. PREG+M,??? ??????,,
NULL,CAP. ZOPXIN LVS 40/75 MG,??? ??? ?? ???,,
NULL,SYP. GASTRACID,??? ??? ?? ???? ??? ?????,,
NULL,SERUM. NACL 0.9%,??? ?? ???? ???,,
NULL,TAB. SIL,?? ????? ????,,
NULL,TAB. SILD +DEPOXITIN,,,
NULL,TAB.  GOMEN,??? ? ?? ??????,,
M00246,Glucophage 500mg(Metformin +Hydrochloride)Tab,OD,10 Days,Oral
NULL,SRYP. MUCAIN,?? ??? ?? ???? ??? ?? ???,,
NULL,TAB. FEXET D,?? ??????,,
NULL,TAB. RIGIX 10MG,?? ??????,,
NULL,TAB. GET,??? ? ?? ??????,,
Ost,Ostemen/vitk2 vit D3 Cap,OD,1 Month,Oral
NULL,TAB.CLOMIPRAMIN 25MG,?? ??????,,
NULL,SYP. INDERAL 10MG,,,
NULL,TAB. NERUBION,??? ??? ??????,,
NULL,TAB.  GETFORMIN 2/500MG,??? ??? ??????,,
paracet,Paracetamol 750mg Inj,OD,,
NULL,CDK/COMBIND  TAB,OD,1 Month,Oral
NULL,INSULIN. MIXTARD 70/30,??? 30 ???? ? ?? 20 ????,,
NULL,TAB. Y,??? ??????,,
NULL,TAB. PAROMAX 20M,???? ??? ?? ??? ???? ???? ??????,,
NULL,TAB. OSTENEM,??? ??????,,
NULL,TAB. SITAMET 50/1000 ??? ??????,,,
NULL,CAP. CELEBEX 200MG,??? ??????,,
M00129,Jetepar(Detoxicating agent)/ Syp,TID,10 Days,Oral
M00064,Nefrolit B 30ml/ Drop,BID,1 Month,Oral
NULL,TAB. MIRTAZIPIN 7.5MG,?? ??????,,
NULL,CAP. OLIGOCARE,??? ??????,,
NULL,TAB. LA,?? ??? ??????,,
NULL,INJ. GONADOTROPIN 5000IU,???? ????? ???? ? ???? ???? ?? ??? ????,,
NULL,SYP. NERUOZINE,??? ? ?? ?? ????,,
NULL,CAP.  BIOVAS,??? ??????,,
NULL,CAP BIOLAC,BID,10 Days,Oral
NULL,CAP. UROSIS D,?? ??????,,
NULL,SACHEET. PROLEXA ( PROBIOTIC),??? ? ?? ?? ??? ????,,
NULL,CO-EZIDAY TAB,OD,1 Month,Oral
NULL,TAB. TOMOMIDE 40MG,??? ??????,,
NULL,TAB. VERAPAMIL 40MG,??? ??? ??????,,
NULL,INF. CIPRO,?????,,
NULL,S. RL500CC,,,
NULL,TAB. STIAMET 50/500MG,??? ? ?? ??????,,
NULL,TAB. GENESIS 3OMG,???? ??????,,
NULL,AMP. NEUROBION,?? ??? ????,,
NULL,TAB. ZETR,??? ??????,,
NULL,ZETRO 250MG TAB,OD,10 Days,Oral
NULL,CEFIXIME 200MG CAP,OD,10 Days,Oral
M00241,Getformin 1mg/500mg(Glimepiride+Metformin)Tab,OD,1 Month,Oral
NULL,AMLODEPIN+VALSARTAN 5/80MG TAB,OD,1 Month,Oral
NULL,SYP. ENTAMIZOL DS,??? ?????,,
NULL,SYP. IBERT,?? ??? 5 ?? ??,,
NULL,CAP. ECASIL 600MG,??? ? ?? ??????,,
M00163,Omega3/ Cap,OD,1 Month,Oral
M00010,Multiglycerophosphate/ Syp,BID,10 Days,Oral
Saf,Safacid cap,BID,10 Days,Oral
NULL,ACETIO_P,BID,10 Days,Oral
M00238,Amlo 5MG(Amlodopine 10mg)Tab,OD night,1 Month,30
M00261,Eziday 25mg(Losartan potassium 25mg)Tab,OD,1 Month,Oral
M00434,Vitamin D3 200000 Cap,OD,1 Month,IM
M00290,Famoscot 20mg(Famotidine 20mg)Tab,OD BM,1 Month,Oral
NULL,MAXFLOW O.4 MCG CAP,OD night,1 Month,Oral
NULL,OXYBUTYNIN 5MG/ TAB,OD,1 Month,Oral
Itp,ITP/itopride 50mg Tab,BID,1 Month,Oral
NULL,FLUCONALOLE 150MG TAB,OD,5 days,Oral
M00184,Solifen(Solifenacin)5mg/ Tab,OD,1 Month,Oral
NULL,TETRAYCLINE 250MG CAP,Q6H,14 days,Oral
M00281,Metronidazole 250mg(Metronidazole 250mg)Tab,Q6H,14 days,Oral
NULL,CAP. VIBRAMYCINE 100MG,??? ???,,
NULL,TAB. ENTAMIZOLE DS,?? ???,,
NULL,TAB. PREDNISOLON 5MG,??? ???,,
NULL,DESLORATIDINE 5 MG TAB,OD,10 Days,Oral
M00208,Voltral  50mg( Diclofenan 50mg)Tab,BID,10 Days,Oral
M00128,Ventolin(Sailbutamol)/ Syp,TID,10 Days,Oral
NULL,CEFTRIAXONE 500MG,OD,1,IM
NULL,CHEMORAL FORTE TAB,BID,10 Days,Oral
NULL,LEDOACINE GEL,TID,10 Days,PR (Rectal)
NULL,GTN,TID,10 Days,PR (Rectal)
NULL,DAPA MET  XR5/500MG(DAPAGLIFLOZIN &METFORMIN)TABG,OD,1 Month,Oral
M00331,Novidat(Ciprofloxacin)500mg Tab,BID,5 days,Oral
NULL,TAB. ATORVASTATIN 20MG,?? ??????,,
NULL,TAB. AUGMENTIN 625MG,?? ??? ??? ?? ???,,
NULL,TAB. GETRYL 3MG,?? ??????,,
NULL,TAB. JENTINMET 50/500,??? ??? ??????,,
M00338,Ecasil(Linezolid)600mg Tab,BID,10 Days,Oral
NULL,VELOSCEF 500MG CAP,BID,10 Days,Oral
NULL,VIAL 2SUM 1 GR,BID,4 days,IV
NULL,TAB INDERAL 10MG,??? ??? ??????,,
NULL,TAB.  EZIDAY 50MG,?? ??????,,
NULL,SYP. AMOXIL 250MG/5ML,??? ?????,,
NULL,SRYP. RIGIX,?? ?? ?? ??,,
NULL,SRYP. ALBENDAZOL 200MG,????? ????? ???,,
NULL,SRP. IBERT,?? ??? 5 ?? ??,,
Predn,Prednisolone 10mg Tab,BID,1 Month,Oral
NULL,CAP. ESOLINE L,??? ??? ?? ???,,
NULL,TAB. RENITIC 5MG,??? ??????,,
M00031,Monteur(Montelukast+Levocetirizine) 4/2.5mg Syp,OD,10 Days,Oral
NULL,SYP. COREX D,?? ??? ?? ????,,
M00202,Naprox(Naproxin)250mg/ Tab,BID,10 Days,Oral
NULL,SERUM NACL 0.9% 500ML,?????,,
NULL,TELMSARTAN 80MG TAB,OD,1 Month,Oral
NULL,TORSAMIDE 10 MG TAB,OD,1 Month,Oral
NULL,CAP. CIPROXEN,??? ??? ??????,,
Getry,Getryl/Glimepiride 4mg Tab,OD NIGHT,1 Month,Oral
NULL,TELMISARTAN+ HYDROCHLOROTIAZIDE 4012.5MG TAB,OD,10 Days,Oral
M00251,Sitaglumet 50/500mg(Sitagliptin+metformin)Tab,OD,1 Month,Oral
NULL,TAB. GANOTON OD 150MG,??? ??? ?? ???,,
NULL,CALCIMAX SYP,BID,1 Month,Oral
M00024,Iberet/ Syp,BID,1 Month,Oral
NULL,TAB. AUGMENTIN IGR,??? ??? ??????,,
NULL,TAB. BROFEN 400MG,?? ??? ??? ?????,,
NULL,SASCHET. CRANMAX,??? ? ?? ?? ???? ?? ?? ?????? ??,,
NULL,SERUM. NACL 0.9% 1000,?????,,
NULL,INJ. KETOROLAC 30MG,????,,
NULL,AMP. MAXOLONG 10MG,?? ??? ?????,,
NULL,TAB. METHOTREXATE 10MG,???? ?? ????,,
NULL,TAB. LEFLUNOMIDE 20MG,?? ??????,,
NULL,TAB. CELEBIX 200MG,?? ??????,,
NULL,ATB. METHIMAZOLE 5MG,?? ??? ??????,,
NULL,INJ. INSULIN MIX 70/30,??? 28 ???? ? ?? 20 ????,,
NULL,TAB. TINIDA,??? ??? ??????,,
NULL,ANTIACID TAB,BID,1 Month,Oral
NULL,INF. PAROL 1GR,?????,,
NULL,CETRIZINE 5MG TAB,OD,5 days,Oral
Depe,Depexin(Fluoxetine)20mg Cap,OD,1 Month,Oral
M00068,Vermox(Mebendazole)/ Syp,BID,5 days,Oral
M00303,Gravinate(Dimenhydriate) Tab,,,
NULL,CO. EZIDAY,??? ??????,,
M00329,Prolex(Probiyotik) Powder,BID,10 Days,Oral
Gom,Gomen/Combined Tab,BID,1 Month,Oral
For,Fort-Max/combined Cap,OD Night,1 Month,Oral
NULL,?SYRP. GINKOCELL,??? ? ?? ?? ????,,
NULL,CAP. ZOI,,,
NULL,TAB. SITAMET 50/1000MG,??? ???,,
NULL,TAB. XENEX 0.5MG,?? ??????,,
NULL,TAB. LIPIVAS 20MG,?? ??????,,
NULL,SYP. ULSANIC,??? ??? ?? ???? ??? ?? ???,,
Hytrin,Hytrin(Terazosin Hydrochloride)2mg Tab,OD,1 Month,Oral
NULL,CAP. CABERGOLIN 0.5,???? ?? ????,,
NULL,TAB.  LEVOCIT+M,?? ??????,,
NULL,TAB. GETFFORMIN 2/500MG,??? ??? ??????,,
NULL,TAB. AMCLAVE 625,??? ??? ??????,,
M00105,Amitriptyline25mg/ Tab,OD Night,1 Month,Oral
NULL,MESACOL ( MESALAMINE ) 800MG TAB,TID,3 month,Oral
GTN Fort,GTN Forte,,,PR (Rectal)
NULL,TAB. ALP 0.25MG,?? ??????,,
Com,Combivair/combined 400mg Cap,BID,1 Month,Oral
Co-E,Co-Extor/Amlo/Val/Hydro 10mg Tab,OD,1 Month,Oral
NULL,AZITHROMYCIN 500MG  TAB,OD,10 Days,Oral
NULL,VIAL PANTOPRAZOLE 40MG,OD,5 days,IV
NULL,MULTIVIT SYP,TID,5 days,Oral
M00213,Nuberol Forte(Paracetamol+orphenadrine)Tab,BID,5 days,Oral
NULL,CAP. GONADI,??? ??? ??????,,
NULL,INJ. RIFABACIN 80MG,?? 8 ???? ??? ??? ????? ?????,,
NULL,CAP. RIFAMPICINE 300MG,??? ??? ??????,,
Hydr,Hydroderm/Gel 150g,,,
NULL,TAB. SITANAS 50MG,??? ??? ??????,,
NULL,CAP. RABILINE D,??? ??? ?? ???,,
NULL,TAB. EXECO 10MG,??? ??????,,
NULL,TAB. TALIN 50MG,???? ??? ??? ??? ???? ???? ?? ????,,
NULL,TAB. INDERAL 40MG,??? ??? ??? ??? ????,,
NULL,TAB. EXCECO 10MG,???? ??? ??? ??? ??? ???? ? ? ????,,
M00173,Fefol Vit/ Cap,BID,1 Month,Oral
Urico,Uricon/Flavoxate 100mg Tab,BID,10 Days,Oral
Bio,Biotin/5mg Inj,OD,1 Month,IM
NULL,TAB. BUSRON 5MG,??? ??? ??????,,
NULL,INJ, TESTOSTERON 250MG,???? ?? ??? ????,,
NULL,TAB. VERPAMIL 40MG,??? ??? ?? ????,,
NULL,TAB.  OAD,??? ??????,,
NULL,TAB.  OSPAMAX 1GR,??? ??? ??????,,
NULL,TAB. INDERAL,,,
NULL,TAB. GETFORMIN 2/500,??? ??? ??????,,
Famot,Famotidine 40mg Tab,BID,10 Days,Oral
NULL,TAB. LONGLAST,?? ????? ????,,
Mecoba,Mecobalar-500(Mecobalamin)500mcg Cap,BID,1 Month,Oral
NULL,TAB. SPIROMIDE 40/50,??? ??????,,
NULL,TAB. XA,???? ??? ???? ??? ???? ???? ??????,,
NULL,PROBIOTICS SACHET,BID,10 Days,Oral
NULL,GEL HYDRODERM,??? ?????,,
NULL,TAB. PAN,??? ??? ?? ???,,
NULL,SYP. FAMOTIDINE,??? ??? 5 ?? ?? ??? ?? ???,,
Zet,zetro/Azithromycin 500mg Tab,OD,5 days,Oral
M00209,Voltral  100mg (Diclofenac 100mg)Tab,BID,5 days,Oral
NULL,CAP. SEPTRAN DS,??? ? ?? ??????,,
NULL,PREGNACARE,OD,1 Month,Oral
Urima,Urimax(Tamsulosin)0.4 Cap,OD,1 Month,Oral
NULL,CAP. NASVIT D,???? ??????,,
NULL,TAB. GENESIS 30MG ) GLICALZID,??? ? ?? ??????,,
NULL,TAB.  XALLER 50MG,???? ??? ???? ??? ???? ???? ?????,,
NULL,VIAL CEFTRIAXONE 500MG,OD,,IM
M00342,Amoxi-Clav(Amoxicillin+Clavulanin acid) Tab,BID,5 days,Oral
Rif,Rifazed-Rifampicin 300mg Cap,OD,45 days,Oral
NULL,TAB. RIVOTRIL 0.5MG,?? ??????,,
NULL,TAB. NUBERIOL FORT,?? ??? ??????,,
NULL,CAP. IMUDIUM 2MG,??? ???  ?????? ?? ????? ?? ????????,,
NULL,TAB. SITAMET 50/1000,??? ? ?? ??????,,
NULL,HEPAMERZ SYP,TID,10 Days,Oral
NULL,TAB. GETFFORMIN 1/500MG,??? ? ?? ??????,,
NULL,INJ. VOREN 75MG,??? ????,,
NULL,TAB. SITAFOR 50MG,??? ? ?? ??????,,
NULL,TAB. CARDINIT 2.6MG,??? ? ?? ??????,,
NULL,TAB. LOPERIN 75MG,??? ??????,,
NULL,TAB.  PANTONAS PLUS,??? ??? ?? ???,,
Fluco,Flucolar-150(Fluconazole) Cap,OD,5 days,Oral
NULL,SOL GARGALIN,OD,,
M00457,Somogel Grams,BID,,Oral
NULL,TAB. THYROXIN 50MG,??? ?? ?????? ??? ?? ???,,
NULL,TAB. GETFORMIN 2/500 MG,??? ? ?? ??????,,
NULL,SILDENAFIL + DAPOXETIN,OD,,
NULL,TAB. IMIPRAMIN 25MG,,,
NULL,SYP. DUPH,?? ??? ?? ???? ??? ?????,,
NULL,TAB.  DURAGESIC,?? ??? ??? ?????,,
NULL,CEFAPERAZONE + SULBECTUM 1GR VIAL,BID,5 days,IV
NULL,LOSSARTAN 25 MG TAB,OD,1 Month,Oral
NULL,CEFTRIAXONE 500MG VIAL,OD,,IM
NULL,CIFIXIME 200MG CAP,BID,5 days,Oral
NULL,DOXYCYCLINE 100MG CAP,BID,10 Days,Oral
M00359,Claritek(Clarithromycin)250mg Tab,BID,10 Days,Oral
NULL,SODIUM BICARB 500MG TAB,BID,1 Month,Oral
NULL,LIV 52 TAB,BID,1 Month,Oral
NULL,SYP. BRUFEN 200MG,?? ??? 5 ?? ??,,
NULL,TAB. LEVOTHYROXIN 100MCG,??? ?? ?????? ??? ?? ???,,
NULL,TAB. ITP OD,??? ??? ?????,,
NULL,SACHET. PROLEXA,??? ? ?? ?????? ?? ??? ?? ??,,
NULL,SYP. CEFIGET 100MG/5ML,??? ? ?? 2.5 ?? ??,,
NULL,DROP. YAH,?? ??? ?? ???? ?? ??? ????? ??,,
NULL,AMP. D4U 600000 IU,?? 15 ??? ??? ?? ??? ????,,
NULL,IMEPENEM VIAL 500MG,BID,7 days,IV
NULL,SYP.  MILK OF MG,?? ??? ??? ?????,,
M00078,Cremaffin/ Syp,TID,1 Month,Oral
NULL,FENOGET  200MG(FENOFIBRATE 200MG)TAB,OD,1 Month,Oral
NULL,TAB. VIBRAMYCINE 100MG,??? ??? ??????,,
NULL,SYP. MILK OF MG,?? ??? ?? ???? ??? ?? ???,,
NULL,TAB. SITA,??? ??? ??????,,
NULL,CAP. PRE,?? ??????,,
M00027,Flagyl(Metrandazole) 200mg/ Syp,BID,5 days,Oral
NULL,PROBIOTICS DROP,BID,5 days,Oral
Fam,Famot/ Famotidine SYP 10mg,BID,10 Days,Oral
NULL,SILDENAFIL + DAPOXETIN TAB,OD,,