code,genericName,brandName,strength,form,isControlled,defaultRoute,defaultFreq,defaultDuration
360,MM Cotix,360,,,false,,,
A,Amoxicillin,Aquamox-125,125mg,Suspension,false,,,
A--z,Azithromycin,A-zit,500mg,Tablet,false,,,
Abdome,Domperidone,Abdome,1mg,Drop,false,,,
Ace,Preag+Meca,Acepreg-plus,,,false,,,
Actu,Artificial tears Drop,Actual,,,false,,,
Add,Methylphenidate,Addranil,10mg,Tablet,true,,,
Adel,Probiotic Sachet,Adelflor,,,false,,,
Aden,Adenosine,,6mg,Ampoule,false,,,
Afd,memantine,Afdol,10mg,Tablet,false,,,
Agi,Ketotifen SYP,Agifen,1mg,,false,,,
AGif,Ketotifen,AGifen,,Syrup,false,,,
Agip,Azithromycin,Agipcin,200mg,Syrup,false,,,
Agipc,Azithromycin,Agipcin,500mg,Tablet,false,,,
Airy,Mantelukast Sachets,Airy,4mg,,false,,,
Al,Ras AL Rashid,,,,false,,,
Al Ras,AL Rashid,,,,false,,,
Alf,Alfacalcidol,Alfa-wel,0.5mcg,Tablet,false,Oral,OD,"1 Month"
Alid,Desloratadine,Alides,5mg,Tablet,false,,,
Alovi,Aciclovir,Alovir,5g,Cream,false,,,
Alpr,Alprazolam Irani 0.5,,,Tablet,true,,,
Alpra,Alprazolam,,0.5mg,Tablet,true,,,
Amc,Co-Amoxiclav,Amclav,375mg,Tablet,false,,,
Amcl,Co-Amoxiclav,Amclav,625mg,Tablet,false,,,
Amcla,Co-Amoxiclav,Amclav,625mg,Tablet,false,,,
Ami,Aminovel,,600mg,,false,IV,OD,
Amo,Amoxicillin+Clavulanic Acid,Amoxi-Clav,375mg,Tablet,false,,,
Amp,Ampicilin,Ampimod,1g,Vial,false,,,
Ampe,Pure Ampicillin,Ampeur,1g,Vial,false,,,
Ampi,Ampicillin Inj 500,,,,false,,,
Ancl,Amoxicillin+Clavulanate,Anclav-625,,Tablet,false,,,
And,Testosterone,Andrex,40mg,Capsule,false,Oral,OD,"1 Month"
Anep,Metoprolol,Anepro,25mg,Tablet,false,,,
Angised,glyceryl trinitrate,Angised,0.5mg,Tablet,false,,,
Anp,Alprazolam,Anpra,0.25mg,Tablet,true,,,
Anpra,Alprazolam,Anpra,0.5mg,Tablet,true,,,
Anta,Alumina.Magnesia.Simethicone,Antacid,,Suspension,false,,,
Anx,Sertraline,Anxie,50mg,Tablet,false,,,
Anxie,Sertraline,Anxie,100mg,Tablet,false,,,
Apa,Combinde,Apase,,Tablet,false,,,
Aqu,Hypertonic Nasal Spr,Aqualine,,,false,,,
Ari,Ibuprofen/Pseu,Arinac,100mg/15mg,Syrup,false,,,
ASD,Rotacap,ASD,,,false,,,
asth,Ketotifen,Asthotifen,,Syrup,false,,,
Atchol-F,Atorvastatin+Fenofibrate 10/160,Atchol-F,,Tablet,false,,,
Ato,Amoxicillin,Atoksilin,1G,Tablet,false,Oral,BD,"10 Days"
Atoks,Amoxicillin,Atoksilin,250mg,Syrup,false,,,
Avi,Avil pheniramine,,22.7mg,Injection,false,,,
Avim,Amoxicillin,Avimox,250mg,Suspension,false,,,
Axo,Fexofenadine,Axofen,120mg,Tablet,false,,,
Azin,Azithromycin,Azinon,500mg,Tablet,false,,,
Azo,Azithromycin,Azogen,200mg,Syrup,false,,,
B,Nystatin,Bright Nystat,,Drop,false,,,
Ban,mideam,Bandage,,,false,,,
Band,Small,Bandage,,,false,,,
Banda,Larg,Bandage,,,false,,,
Bangcl,Acyclovir,Bangclovir-400,400mg,Tablet,false,,,
Banz,Olanzapine,Banzapine-5,5mg,Tablet,false,,,
Banza,Olanzapine,Banzapine,10mg,Tablet,false,,,
Banzo,Tinidazole,Banzole-TZ,500mg,,false,,,
Ben,Chloroquine,Benaquin,250mg,Tablet,false,,,
Bep,Losartan Potassium,Bepsar,50mg,Tablet,false,,,
Bio,Biotin,,5mg,Injection,false,IM,OD,"1 Month"
Biol,Pre-Probiotic,Biolac,,Capsule,false,,,
Biola,Probiotic,Biolac,,Capsule,false,Oral,OD,"1 Month"
Biov,Combinde,Biovas,,Capsule,false,,,
Bla,Blades,,,,false,,,
Bli,Escitalopram,Bliss,15mg,Tablet,false,,,
Blus,Iron susroe complex,Blush-S,,Ampoule,false,,,
Bon,Combinde,Bonjilla,10g,Gel,false,,,
Bone,"Alfacalcidol 0,5 ug",Bone-Care,,Tablet,false,,,
Bos,Boss Baby,,,,false,,,
Br,Ibuprofen,Bright Fen DS,200mg,Suspension,false,,,
Brain,BrainOne,,,Drop,false,,,
Brigh,Prednisolone,Bright Nisolone,5mg,Syrup,false,,,
Bright,Lactulose,Bright-Lactulose,,Syrup,false,,,
Bro,Bromazepam,bromalex,3mg,Tablet,false,,,
Bron,Ambroxol,Bronolac,30mg/5ml,Syrup,false,,,
Bruf,Ibuprofen,Brufen,400mg,Tablet,false,,,
Bu,Bupropion,Butrin XL,150mg,Tablet,false,,,
Bud,Budesonide,Budecort,0.5mg,Suspension,false,,,
Buspir,Buspirone,Buspirax,5mg,Tablet,false,,,
buz,Risperidone,Buzon,1mg,Tablet,false,,,
Buzo,Risperidone,Buzon,2mg,Tablet,false,,,
C,Cetirizine,Cetee,10mg,Tablet,false,,,
CALA,Co-amoxiclav,Calamox,1.2g,Vial,false,,,
Calan,Verapamil,Calan,240mg,Tablet,false,,,
Calan V,Verapamil,Calan,80mg,Tablet,false,,,
Calanv,Verapamil,Calan,40mg,Tablet,false,,,
Calc,zinc/D3,Calcimax+Cal,,Syrup,false,,,
Calcee,Calcee Pow,,,,false,,,
Calci,calcium Tab,Calcidin,500mg,,false,,,
Cap,Capcidol  Cer,,0.075%,,false,,,
Capto,Captopril,Captopril,25mg,Tablet,false,Oral,OD,"10 Days"
Cardn,Nitroglycerin,Cardnit,2.6mg,Tablet,false,,,
Cardo,Losartan potassium,Cardon,25mg,Tablet,false,,,
Cardon,Losartan potassium,Cardon,50mg,Tablet,false,,,
Cardop,Losartan+Hydrochlorothiazide,Cardoplus 50,,Tablet,false,Oral,OD,"1 Month"
Caro,Cranberry vit C Sach,Carodek,,,false,Oral,BD,"5 days"
CDK,Combind,CDK,,,false,Oral,OD,"1 Month"
Cee,Cefixime,Cee Goss,400mg,Tablet,false,,,
Cef,ceftriaxone,Ceftriace1,1g,Vial,false,IV,BD,"5 days"
Cefa,Ceftriaxone,Cefacoast,500mg,Vial,false,,,
Cefi,cefixime,,400mg,Tablet,false,Oral,OD,"10 Days"
Cefig,Cefixime,Cefiget,100mg,Syrup,false,,,
Cefo,cefotaxime,Cefocoast,1g,Vial,false,,,
Cefob,Cefoperazone+Sulbac m Vail,Cefobact,2g,,false,,,
Cel,Celecoxib,Celbex,200mg,Capsule,false,Oral,OD,"10 Days"
Cele,Celecoxib,Celenon,200mg,Capsule,false,,,
Cerb,Topiramate,Cerbilep,25mg,Tablet,false,,,
Cere,piracetam,Ceremin,400mg,Tablet,false,,,
Cerol,Omeprazole,Cerol,20mg,Capsule,false,,,
Cet,Cetirzine,Ceten,10mg,Tablet,false,,,
Che,Chestone,,,Inhaler,false,,,
Chy,trypsin,chymoral Forte,,,false,,,
Ci,Ciprofloxacin,Ciproxin,250mg,Tablet,false,,,
Cic,Neomycin/zinc  Pow,Cicatrin,20g,,false,,,
Cil,Impenem,Cilapen,500mg,Vial,false,,,
Cim,Cimetidine,Cimet,400mg,Tablet,false,,,
Cip,ciprofloxacin Inf,Cipesta,200mg,,false,,,
Cipe,Ciprofloxacin Inf,Cipesta,400mg,,false,,,
Cipr,Ciprofloxacin,Ciproxin,500mg,Tablet,false,,,
Cipro,Ciprofloxacin,Ciproxent,500mg,Tablet,false,Oral,BD,"5 days"
Ciprof,Ciprofloxacine SYp 250mh,,,,false,,,
Ciprol,Ciprofloxacin Syp,Ciprolox,125Mg,,false,,,
Cit,HydrogenCitrate LIQ,Citralka,150ml,,false,,,
Cita,Escitalopram,Citanew,5mg,Tablet,false,,,
citan,Escitalopram,Citanew,20mg,Tablet,false,,,
Cl,Enoxaparin,Clexane,60mg,Injection,false,,,
Clarit,Clarithromycin Sryp,Claritek,250mg,,false,,,
Clex,Clexane Enoxaparin,,0.6ml,,false,,,
Clind,Clindamycin,Clind-Aura,300mg,Capsule,false,Oral,BD,"10 Days"
Clo,Clopidogrel,Clop-75,75mg,Tablet,false,Oral,OD,"1 Month"
Clof,Folic Acid,Clofol,5mg,Tablet,false,,,
Clom,Clomipramine,,10mg,,false,,,
Clomi,Clomifene,Clomitab,50mg,Tablet,false,,,
Clomi-50,Clomifene,Clomi-50,50mg,Tablet,false,,,
Clomip,Clomipramine,,10mg,Tablet,false,,,
Clomipr,Clomipramine,Clomipril,25mg,Tablet,false,,,
Clomipra,Clomipramine,,10mg,Tablet,false,,,
Clomit,Clomifene,Clomitab,50mg,Tablet,false,,,
Cloro,Clonazepam,Cloron,2mg,Tablet,true,,,
co,ez Co Eziday,,,Tablet,false,,,
co ez,Co Eziday,,,Tablet,false,Oral,OD,"1 Month"
Co-,Amlo/Val/Hydro,Co-Extor,5mg,Tablet,false,,,
Co-A,Co-Amoxiclav 625,,,,false,,,
Co-Am,Amoxicilin+Clavun,Co-Amoxiclav,625mg,Tablet,false,,,
Co-Amoxi,Co-Amoxiclav,,1000mg,,false,,,
Co-Dep,Olanzapine+Fluoxetine,Co-Depricap,3.25mg,Capsule,false,,,
Co-Depri,Olanzapine+Fluoxetine 6+,Co-Depricap,25mg,Capsule,false,,,
Co-E,Amlo/Val/Hydro,Co-Extor,10mg,Tablet,false,Oral,OD,"1 Month"
Co-T,Telmisartan 40/12.5,Co-Telsan,,Tablet,false,,,
Co-Tri,Co-Trimoxazole,,,Tablet,false,,,
Co-V,Valsartan+Hydro,Co-Valtec,160/12.5mg,Tablet,false,,,
Cob,Mecobalamin,Cobal,500mcg,Tablet,false,,,
Cof,Hedera helix,Cofif,70mg,Syrup,false,,,
Cofc,Cofcol Elixir,,,,false,,,
Cofe,Coferb Plus,,120ml,Syrup,false,Oral,TDS,"10 Days"
Cofif,Cofif Cough Syrup,,120ml,,false,,,
col,Clomfranil Clomipramine,,10mg,Tablet,false,,,
cold,ColdRub,,,,false,,,
Colg,Toothcreem,Colgate,77g,,false,,,
Colic,Combend Drops,Colic,,,false,,,
Colq,Colgate maxfresh,,,,false,,,
Com,combined,Combivair,400mg,Capsule,false,Oral,BD,"1 Month"
comf,Comfrey Adult Diapers,,,,false,,,
Comi,Mecobalamin,Comin,500mcg,Tablet,false,,,
Corti,Hydrocortisone,Cortisol,,Vial,false,,,
Cot,Telmi/Hydro 80/12.5,Co-Telsan,,Tablet,false,,,
Cota,Telmisartan+Hydrochlorthiazide,Cotasmi,40mg/12.5mg,,false,,,
Cov,Val/hyd 80/12.5,Co-Valtec,,Tablet,false,Oral,OD,"1 Month"
Crab,Sildenafil+Dapoxetine+Diclofenac,Crab Power,,Capsule,false,,,
Cran,Cranberry Pow,Cran Max,,,false,Oral,BD,"10 Days"
Cranhe,Cranheal Sachets,,,,false,,,
Cyro,Ciprofloacin,Cyrocin,500mg,Tablet,false,,,
D,Dapoxetine,Dapoxilar-60,60mg,Tablet,false,,,
D-Z,"Vitamin D3 50,000I.U",D-Zak,,Capsule,false,,,
Dal,Clindamycin,Dalacin C,300mg,Capsule,false,,,
Dan-,Cholecalciferol,Dan-D,200.000IU,Ampoule,false,,,
Dap,Dapagliflozin+Metformin +1000mg,Daplyza-M,5mg,Tablet,false,Oral,,"3 month"
Dapl,Dapagliflozin+Metformin +850mg,Daplyza-M,5mg,Tablet,false,,,
Dapox,Dapoxetine,Dapoxilar-30,30mg,Tablet,false,,,
De,Olanzapine,Deprex,10mg,Tablet,false,,,
Deg,Sildenafil,Degra,50mg,Tablet,false,,,
Dep,Escitalopram,Depsit,20mg,Tablet,false,,,
Depe,Fluoxetine,Depexin,20mg,Capsule,false,Oral,OD,"1 Month"
Deps,Escitalopram,Depsit,5mg,Tablet,false,,,
Det,Soap,Dettol,,,false,,,
Dev,Levetiracetam,Devenda,500mg,Tablet,false,,,
dex,Dextrose,,25%,Injection,false,,,
Dext,Dexamethasone,Dextor,0.5mg,Tablet,false,,,
Diap,Larg,Diapers,,,false,,,
Die,Diecold Rub,,,,false,,,
Dio,Amlo+Vals,DioPlus,5/80mg,Tablet,false,,,
Diop,Amlo/Vals,Dio Plus,10/160mg,Tablet,false,,,
Diso,Desloratadine,Disolar,5mg,Tablet,false,,,
Div,Divalproex,Divalpro,250mg,Tablet,false,,,
Diva,Divalproex,Divalpro,500mg,Tablet,false,,,
Doba,Duloxetine Cap,Dobalta,20mg,,false,,,
Dol,Duloxetine,Dolmen,30Mg,Tablet,false,,,
Domi,Domperidone,Domista,,Drop,false,,,
Don,Donepezil,Donep,10mg,Tablet,false,,,
Donep,Donepezil,Donep,5mg,Tablet,false,,,
Doxyc,Doxycycline,,100mg,Tablet,false,Oral,BD,21days
Doxyn,Doxycycline,Doxyn,100mg,Capsule,false,,,
Dres,Palster,Dressing,,,false,,,
Dsp,Drotaverine,Dspa,40mg,Ampoule,false,,,
Dulan,Duloxetine,Dulan,30mg,Capsule,false,Oral,OD,"1 Month"
Dule,Duloxetine,Dulexin,30mg,Tablet,false,,,
Dus,Dutasteride+Tamsulosin,Dustalosine,,,false,,,
Efe,Ceftriaxone,Efectal,1G,Vial,false,,,
Eme,Emeset Ondansetron,,4ml,Injection,false,,,
Ent,Diloxanide Metr,Entamizole-DS,500/400mg,Tablet,false,Oral,BD,"10 Days"
Entam,Diloxanide+Metronidazole,Entamizole DS,,,false,,,
Entaz,Rabeprazole/Domperidon,Entazel-D,,Capsule,false,,,
Epit,Levetiracetam,Epitira,500mg,Tablet,false,,,
Esc,Esomeprazol,Escerol,40mg,Vial,false,,,
Est,Escitalopram,Estra,10mg,Tablet,false,,,
Etir,Melatonin,Etirich,5mg,Tablet,false,,,
Evion,Vitamin E,Evion,400mg,Capsule,false,Oral,BD,"1 Month"
Exc,Escitalopram,Exceco,10Mg,Tablet,false,,,
Exi,Albendazole Syp,Eximinth plus,200mg,,false,,,
Exozin,Zinc Sulfate,Exozin,20mg,Syrup,false,,,
Exv,Amlodipine/Vals 10/160,Exval-A,,Tablet,false,,,
Falraf,Pregabalin,Falraf,75mg,Capsule,false,,,
Fam,Famotidine SYP,Famot,10mg,,false,Oral,BD,"10 Days"
FAMO,Syp,Famotidin,10mg,,false,Oral,BD,"10 Days"
Famot,Famotidine,,40mg,Tablet,false,Oral,BD,"10 Days"
Famot4,Famotidine,Famot,40mg,Tablet,false,,,
Fexe,Fexofenadine,Fexet,60mg,Tablet,false,,,
Fin,Fingar Plaster,,,,false,,,
Firo,FIROOZ Shampoo,,,,false,,,
Fit,Multi vitamin,Fitvit,,Tablet,false,,,
fl,Fluoxetine,Floxxi,20mg,Capsule,false,,,
FLA,metronidazole//inf,Flagyl,500mg,,false,,,
Floey,Foley Catheter 16,,,,false,,,
Flu,Flumazenil,,0.5mg,Injection,false,,,
Fluco,Fluconazole,Flucolar-150,,Capsule,false,Oral,OD,"5 days"
Flumazen,Flumazenil,,0.5mg,Ampoule,false,,,
Foley,B Foley Catheter,,,,false,,,
Foley B,Foley Catheter,,,,false,,,
For,combined,Fort-Max,,Capsule,false,Oral,,"1 Month"
Gaba,Gabapentin,Gaba,300mg,Capsule,false,Oral,OD,"1 Month"
Gals,Sitagliptin,Galsit,50mg,Tablet,false,,,
Gastro,Rabeprazol+Domperidone,Gastro-D,20mg,Capsule,false,Oral,BD,"1 Month"
Gau,Guaze Pad,,,,false,,,
gavi,Levetiraxetam,Gavimax,500mg,Tablet,false,,,
Ge,Glimepiride,Getryl,1mg,Tablet,false,,,
Gel,Gelofusine  Ser,,500ml,,false,,,
gen,Gliclazide,Genesis,30mg,Tablet,false,,,
Genesi,Gliclazide,Genesis,60mg,Tablet,false,Oral,,"1 Month"
Geox,fluoxetine,Geoxit,20mg,Capsule,false,,,
Get,Glimepiride,Getryl,2mg,Tablet,false,Oral,OD,"1 Month"
Geto,Ceftriaxone Vail,Getofin,1g,,false,,,
Getof,Ceftriaxone,Getofin,500mg,Vial,false,,,
Getr,Glimepiride,Getryl,3mg,Tablet,false,,,
Getry,Glimepiride,Getryl,4mg,Tablet,false,Oral,,"1 Month"
Glo,7.5,Gloves,,,false,,,
Glu,Metformin,Glucophage,1G,Tablet,false,,,
Gluco,Metformin,Glucophage,1g,Tablet,false,,,
Gly,Sita+Metf,Glycon-M,50/500mg,Tablet,false,,,
Glyt,Sitagliptin+Metformin,Glytec-M,50mg/500mg,Tablet,false,,,
Glytec,Sitagliptin+Metformin,Glytec-M,50mg/1000mg,Tablet,false,,,
Glyz,Sitagliptin/Metformin,Glyzia,50/500mg,Tablet,false,,,
Gom,Combined,Gomen,,Tablet,false,Oral,BD,"1 Month"
Gon,Gonadotrophin,,5000IU,Injection,false,,,
Goois,Gooiscan,,,,false,,,
Gour,Febuxostat,Gouric,40mg,Tablet,false,,,
Gri,Syp combin,Gripe Water,,,false,,,
GTN,Fort GTN Forte,,,,false,,,
GTN Fort,GTN Forte,,,,false,,,
Gvia,Sitaglptin+Metformin 50/500,Gvia-M,,Tablet,false,,,
H,HEMO-B Plus,,,Syrup,false,,,
H2F,Famotidine,H2F,20mg,Tablet,false,,,
Hag,Amoxicilin,Hagimox,250mg,Capsule,false,,,
Hagi,Amoxicillin,Hagimox,250mg,Capsule,false,,,
Halo,Haloperidol 0.5,,,Tablet,false,,,
Haloperi,Haloperidol,,5mg,Ampoule,false,,,
Haltide,Salbutamol+Beclometasone,Halide HFA,,Inhaler,false,,,
Hel,Fluoxetine,Helen,20mg,Capsule,false,,,
Herb,Diltiazem,herbesser,90mg,Tablet,false,,,
Hexi,Trihexyphenidyl,Hexidyl,2MG,Tablet,false,,,
Hig,Ketoconazole+Zinc Shampoo,Highgrow,,,false,,,
Hydr,Gel,Hydroderm,150g,,false,,,
Hydrog,Hydrogen Peroxide,,,,false,,,
Hydroz,Hydrocortisone  Cre,Hydrozole,1%,,false,,,
Hytrin,Terazosin Hydrochloride,Hytrin,2mg,Tablet,false,Oral,OD,"1 Month"
Ind,Indmethacin,,25mg,Capsule,false,,,
Inf,Infusion Set,,,,false,,,
Infex,Cephradin,Infexin,500mg,Capsule,false,,,
ins,Insulin Syringe 100u,,,,false,,,
Ipri,Itopride,Ipride SR,150mg,Tablet,false,,,
IQ,Combinde,IQ Gold,,Syrup,false,,,
Iso,Nasal Relif,Isotonic,,Spray,false,,,
Itp,itopride,ITP,50mg,Tablet,false,Oral,BD,"1 Month"
ITP i,Itopride,ITP OD,150mg,Tablet,false,Oral,OD,"1 Month"
Iv,Plaster,P Iv,,,false,,,
Iv P,Plaster,Iv,,,false,,,
Jen,Sitagliptin/Metformin 50/500,Jentin Met,,Tablet,false,,,
Joh,Baby jelly,Johnsoni,,,false,,,
Johar,Johar Joshanda,,,,false,,,
Jui,Juice ORS,,,,false,,,
K,Ketorolac,Kitpain,30mg,Ampoule,false,,,
K-k,Triamcinolone,K-kort,40mg,Injection,false,,,
Kar,Glycerin,Karis,,Cream,false,,,
Keep,Keep Healthy,,,,false,,,
Ket,Ketoconazole  Shampoo,Ketopal,2%,,false,,,
Kin,KING POWER,,,Tablet,false,,,
King,Sildenafil+Dapoxetine,King Power,,Tablet,false,,,
Kip,D Kip Drymin,,,Syrup,false,,,
Kip D,Kip Drymin,,,Syrup,false,,,
Kle,COMBINED Losh,Kleen Enema,,,false,,,
Kor,Serratiopeptidase,Korzin,5mg,Tablet,false,,,
Kuf,Expectorant Cough Syrup,Kufdri,,,false,,,
L,Levosulpiride,Levobrax,50mg,Tablet,false,,,
La,Lamotriginr,Lamitor,25mg,Tablet,false,,,
Lab,Labetalol,,50mg/10ml,Injection,false,,,
Labo,Drotaverine,Labo-Spas,40mg,Tablet,false,,,
Lami,Lamotrigine,Lamitor,50mg,Tablet,false,,,
Lan,Digoxin,Lanoxin,0.25mg,Tablet,false,,,
Larg,Amoxicillin,Largopen,125mg,Syrup,false,,,
Largo,Amoxicillin,Largopen,250mg,Syrup,false,,,
Lasi,Furosemide,Lasix,40mg,Tablet,false,Oral,OD,"1 Month"
Le,Levosulpiride,Levopiride,50mg,Tablet,false,,,
Ledaf,Ledaflor,,10mg,Drop,false,,,
Ledal,Ledalur,,250ml,Syrup,false,,,
Leos,Levosulpiride,Leos,50mg,Tablet,false,,,
Leps,Levetiracetam  Solu,Lepsi,1000mg,,false,,,
Lev,Levofloxacin,Levomerc,250mg,Tablet,false,Oral,OD,"10 Days"
Leve,Levetiracetam,Levegetam-500,500mg,Tablet,false,,,
Levet,Levetiracetam,Levetafine,500mg,Tablet,false,,,
levor,Levosulpride,Levoride,50mg,Tablet,false,,,
Levox,Levothyroxine,Levoxinr,100mcg,Tablet,false,,,
Lido,Lidosporin Ear,,,Drop,false,,,
Lil,Lactulose,Lilac,120ml,Syrup,false,,,
Lipg,Lip Guard,,,,false,,,
Lipi,Atorvastatin,Lipiget,20mg,Tablet,false,Oral,,"1 Month"
Liz,linezolid,Lizolix,600mg,Tablet,false,,,
Lo,Lo-aram Lorazepam,,2mg,Tablet,true,,,
Lo-A,Lorazepam,Lo-Aram,2mg,Tablet,true,,,
Lok,plaster 7.5,Loko,,,false,,,
loko,Plaster 2.5cm,Loko,,,false,,,
Long,Sildenafil,Long Last,100mg,Tablet,false,Oral,OD,"10 Days"
Lor,Loratadine,Lorgy,10mg,Tablet,false,,,
Lora,Lorazepam  Tan,,2mg,,true,,,
Loraz,Lorazepam,,1mg,Tablet,true,,,
Lul,Diapers,lulla Baby,,,false,,,
Lys,B-Comp/Vit C,lysovit,120ml,Syrup,false,,,
Lzid,Linezolid,Lzid,600mg,Tablet,false,,,
M,Amoxycillin,Moxvid-500,500mg,Capsule,false,,,
M00001,Multivitamins,Real-Vit,,Syrup,false,,,
M00002,Cofaid-D,,,Syrup,false,,,
M00003,Fosfomycin,Focin,250mg,Syrup,false,,,
M00004,Cranberry / / Sach,Urocran,250mg,,false,,,
M00005,Sucralfate,Ulsanic,1g,Syrup,false,Oral,TDS,"1 Month"
M00006,Trimetabol,,,Syrup,false,Oral,TDS,"10 Days"
M00007,Ciprofloxacin / Inf,Novidat,400mg,,false,,,
M00008,Ciprofloxacin / Inf,Novidat,200mg,,false,,,
M00009,Multiglycerophosphate,Neurozin,,Syrup,false,,,
M0001,DELTACORTRIL,,,Tablet,false,Oral,BD,"10 Days"
M00010,Multiglycerophosphate,,,Syrup,false,Oral,BD,"10 Days"
M00011,Multiglycerophophate /Syp,Neutrix,,,false,,,
M00012,Syp,Urofast,,,false,Oral,TDS,"10 Days"
M00013,Nefrolit,,100mg,Syrup,false,Oral,BD,"1 Month"
M00014,Kidfow,,100mg,Syrup,false,Oral,BD,"1 Month"
M00015,Ginkobiloba+B Complx,Neuro Nerve,,Syrup,false,,,
M00016,Syp,Tres-Orix Forte,,,false,Oral,TDS,"1 Month"
M00017,Fairodoll,,,Syrup,false,,,
M00018,Vidaylin,,,Syrup,false,,,
M00019,Vidaylin L,,,Syrup,false,,,
M00020,Dompridone,Motilium,1mg,Syrup,false,,,
M00021,Lactolose /Syp,Duphalac,66.7%,,false,,,
M00022,Gastracid,,,Syrup,false,Oral,TDS,"1 Month"
M00023,Pepsil,,,Syrup,false,,,
M00024,Iberet,,,Syrup,false,Oral,BD,"1 Month"
M00025,Hosin,Spaslar P,5mg,Syrup,false,Oral,TDS,"10 Days"
M00026,Prednisolne,Steron,15mg,Syrup,false,,,
M00027,Metrandazole,Flagyl,200mg,Syrup,false,Oral,BD,"5 days"
M00028,Metodine,,,Syrup,false,,,
M00029,Amoxycillin,Moxilium,125mg,Syrup,false,,,
M00030,Amoxycillin,Moxilium,250mg,Syrup,false,,,
M00031,Montelukast+Levocetirizine,Monteur,4/2.5mg,Syrup,false,Oral,OD,"10 Days"
M00032,Ondansetron,Ond,4mg,Syrup,false,,,
M00033,Sanaflu,,,Syrup,false,,,
M00034,Azithromycin,Zetro,200mg,Syrup,false,Oral,BD,"5 days"
M00035,Ibuprofen,Brufen,100mg,Syrup,false,,,
M00036,Ibuprofen,Brufen,200mg,Syrup,false,,,
M00037,Ibuprofen,Pedifen,100mg,Syrup,false,,,
M00038,Multivitamins,Total Vit,,Syrup,false,,,
M00039,Multivitamins,Total Vit Junior,,Syrup,false,,,
M00040,Diclofenac,Voren,75mg,,false,,,
M00041,Co-Amoxiclav,Amclav,156mg,Syrup,false,,,
M00042,Cefixime,Curecef,200mg,Syrup,false,,,
M00043,Co-Amoxiclav,Amclav DS,312.5mg,Syrup,false,,,
M00044,Cefixime,Curecef,100mg,Syrup,false,,,
M00045,Cefixime,Cefiget DS,200mg,Syrup,false,,,
M00046,Ciprofloxacin,Novidat,125mg,Syrup,false,,,
M00047,Ciprofloxacin,Novidat,250mg,Syrup,false,Oral,BD,"5 days"
M00048,Cephradin,Infixiin,125mg,Syrup,false,,,
M00049,Cephradin,Infixiin,250mg,Syrup,false,,,
M00050,Aspirin,Disprin,,Tablet,false,,,
M00051,Paractamol,Parol,120mg,Syrup,false,Oral,QID,"4 days"
M00052,Paractamol,Calpol,120mg,Syrup,false,,,
M00053,Zinc,,,Syrup,false,,,
M00054,OBH Plus,,,Syrup,false,,,
M00055,Milak oF Magnasiam,,160mg,Syrup,false,,,
M00056,Cehalexin,Keflex,125mg,Syrup,false,,,
M00057,Cehalexin,Keflex,250mg,Syrup,false,,,
M00058,Lortadine,Lorgy,5mg,Syrup,false,,,
M00059,Cetrizine,Cetri,5mg,Syrup,false,,,
M00060,Pizotnen,Mosegor,0.25mg,Syrup,false,,,
M00061,Phenobarbitone,F Tone,20mg,Syrup,false,,,
M00062,Kidflow,,30ml,Drop,false,Oral,TDS,"10 Days"
M00063,Sabal Serr,,30ml,Drop,false,Oral,TDS,"10 Days"
M00064,Nefrolit B,,30ml,Drop,false,Oral,BD,"1 Month"
M00065,Yohimbinum 30kml,,,Drop,false,,,
M00066,Cetrizine,Rigix,5mg,Syrup,false,,,
M00067,Omeprazole,Grucid,,Capsule,false,,,
M00068,Mebendazole,Vermox,,Syrup,false,Oral,BD,"5 days"
M00069,Albendazole,Zental,,Syrup,false,,,
M00070,Trirolidine,Actidil,1.25mg,Syrup,false,,,
M00071,Dipenhydramine,Ariadry,,Syrup,false,,,
M00072,Co-trimoxazole,Septran DS,80/400mg,Syrup,false,,,
M00073,Cosom,,,Syrup,false,Oral,TDS,
M00074,Cosom E,,,Syrup,false,Oral,TDS,"10 Days"
M00075,Corex D,,,Syrup,false,,,
M00076,Hydryilin,,,Syrup,false,,,
M00077,Mucine,,,Syrup,false,,,
M00078,Cremaffin,,,Syrup,false,Oral,TDS,"1 Month"
M00079,Gaviscan,,,Syrup,false,Oral,TDS,"1 Month"
M00080,Dimenhydriate,Gravinate,12.5mg,Syrup,false,,,
M00081,Listamine,,15%,Solution,false,,,
M00082,Fexet D,,60/120mg,Tablet,false,,,
M00083,Melatonin,,3mg,Tablet,false,,,
M00084,Paroxetine,Paroxogen,20mg,Tablet,false,Oral,OD,"1 Month"
M00085,Aclalovir,Acylex,800mg,Tablet,false,,,
M00086,Mecobalamin,Nerovon,500mcg,Tablet,false,,,
M00087,Fexofenadine,Fifex,60mg,Tablet,false,,,
M00088,Ytig Plus,,,Tablet,false,Oral,OD,"3 month"
M00089,Clomipramine,Clomfranil,10mg,Tablet,false,,,
M00090,Levonorgestrel,Leedoz,,Tablet,false,,,
M00091,Fluoxetine,Depex,,Tablet,false,Oral,OD,"1 Month"
M00092,Clomipramine,Clomfranil,25mg,Tablet,false,,,
M00093,Imipramine,,25mg,Tablet,false,Oral,OD,"1 Month"
M00094,Olanzapine,Olanzia,5mg,Tablet,false,,,
M00095,Nortriptyline,Sensival,25mg,Tablet,false,,,
M00096,Buspirone,Busron,5mg,Tablet,false,,,
M00097,Cyproheptadine,,4mg,Tablet,false,,,
M00098,Zolmitriptan,Limigzol,2.5mg,Tablet,false,,,
M00099,Imipramine,,10mg,Tablet,false,,,
M00100,Carbamazepine,Tegral,200mg,Tablet,false,,,
M00101,Phenobarbital,,100mg,Tablet,true,,,
M00102,Dapoxetine,Depoxevis,30mg,Tablet,false,,,
M00103,Amitriptyline,Tryptanol,25mg,Tablet,false,,,
M00104,Amitriptyline,,10mg,Tablet,false,,,
M00105,Amitriptyline,,25mg,Tablet,false,Oral,,"1 Month"
M00106,Promethazine,Avonum,,Tablet,false,,,
M00107,Chlordiazepoxide+Clidinium,Librax,,Tablet,true,Oral,OD,"1 Month"
M00108,Flupentixol+Melitracen,Tenaxit,05/10mg,Tablet,false,,,
M00109,Paroxetine,Paromax CR,12.5mg,Tablet,false,,,
M00110,Dosulepin,Prothiaden,25mg,Tablet,false,,,
M00111,Dosulepin,Prothiaden,75mg,Tablet,false,,,
M00112,Propranolol,Inderal,40mg,Tablet,false,Oral,BD,"1 Month"
M00113,Propranolol,Inderal,10mg,Tablet,false,Oral,BD,"1 Month"
M00114,Sertraline,Seroft,50mg,Tablet,false,Oral,OD,"1 Month"
M00115,Sertraline,Seroft,100mg,Tablet,false,,,
M00116,Quetiapine,Qusel,25mg,Tablet,false,,,
M00117,Divalproex sodium,Epival,250mg,Tablet,false,,,
M00118,Divalproex sodium,Epival,500mg,Tablet,false,,,
M00119,sumatriptan+Naproxen,Napsum,80/500mg,Tablet,false,Oral,BD,
M00120,Escitalopram,Prolexa,10mg,Tablet,false,,,
M00121,Olanzapine,Olanzia,5mg,Tablet,false,,,
M00122,Olanzapine,Olanzia,10mg,Tablet,false,,,
M00123,Duloxetine,Dulan,20mg,Capsule,false,Oral,OD,"1 Month"
M00124,Sertraline,Cetralex,50mg,Tablet,false,,,
M00125,Sertraline,Cetralex,100mg,Tablet,false,,,
M00126,Quetiapine,Pequit,25mg,Tablet,false,,,
M00127,Sailbutamol+Guaiphenesin,Ventolin,,Syrup,false,,,
M00128,Sailbutamol,Ventolin,,Syrup,false,Oral,TDS,"10 Days"
M00129,Detoxicating agent,Jetepar,,Syrup,false,Oral,TDS,"10 Days"
M00130,Pulmonol,,,Syrup,false,Oral,TDS,"10 Days"
M00131,Hepa Merz,,,Syrup,false,Oral,TDS,"10 Days"
M00132,Vitamin E,Evion,600mg,Capsule,false,Oral,OD,"3 month"
M00133,Vitamin E,Evion,200mg,Capsule,false,,,
M00134,Skinwell,,,Tablet,false,,,
M00135,Clomifene,Clomace,50mg,Tablet,false,,,
M00136,Multivitamins,Real-Vit,,Tablet,false,,,
M00137,Tranexamic Acid,Maxna,500mg,Tablet,false,,,
M00138,Ovacare,,,Tablet,false,,,
M00139,Meclizine+B6,Navidoxine,,Tablet,false,,,
M00140,Vitamin B6,,,Tablet,false,,,
M00141,Calcium Carbonate,,,Tablet,false,Oral,BD,"1 Month"
M00142,Pizotnen,Mosegor,0.25mg,Tablet,false,,,
M00143,Conjugate Estrogens,Prequin,0.625mg,Tablet,false,,,
M00144,Bromocriptine,Brotin,,Tablet,false,,,
M00145,Fluconazole,Flu-con,150mg,Capsule,false,Oral,OD,"5 days"
M00146,Diane 35,,,Tablet,false,,,
M00147,Ferfolic,,,Capsule,false,Oral,OD,"1 Month"
M00148,Multivitamins,Multibionta,,Capsule,false,IV,OD,"1 days"
M00149,Sangobion,,,Capsule,false,Oral,OD,"1 Month"
M00150,Contraceptive,Ovocept-LD,,Tablet,false,,,
M00151,Osteocare,,,Tablet,false,Oral,OD,"1 Month"
M00152,Ferfix-FA,,,Tablet,false,,,
M00153,Dydrogesterone,Duphaston,10mg,Tablet,false,,,
M00154,Vivioptal,,,Capsule,false,Oral,OD,"1 Month"
M00155,L-Methul Folate,Momfolic,,Tablet,false,,,
M00156,Zinc Sulphate,,20mg,Tablet,false,Oral,OD,"1 Month"
M00157,Surbex Z,,,Tablet,false,Oral,,"1 Month"
M00158,Folic Acid,,,Tablet,false,Oral,OD,"1 Month"
M00159,Metrandazole,Flagyl,400mg,Tablet,false,Oral,TDS,"5 days"
M00160,Flurbiprofen,Ansaid,100mg,Tablet,false,,,
M00161,Vitamin A,,5000IU,Capsule,false,,,
M00162,Calcimax Forte,,,Tablet,false,Oral,,"1 Month"
M00163,Omega3,,,Capsule,false,Oral,OD,"1 Month"
M00164,Cabergoline 0.5,Cabersen,,Tablet,false,Oral,OD,"1 Month"
M00165,Misoprostol,Spinster,200mg,Tablet,false,,,
M00166,Calcimax OP,,,Tablet,false,Oral,OD,"1 Month"
M00167,Folic Acid,Folic,5mg,Tablet,false,Oral,,"1 Month"
M00168,Vitamin C,,,Ampoule,false,,,
M00169,Decadron,,,Injection,false,IV,BD,"5 days"
M00170,Paracetamol,Repramol,750mg,Injection,false,,,
M00171,Omni,,,Tablet,false,Oral,OD,"1 Month"
M00172,Trihemic,,600mg,Tablet,false,Oral,BD,"1 Month"
M00173,Fefol Vit,,,Capsule,false,Oral,BD,"1 Month"
M00174,Allopurinol,Zyloric,300g,Tablet,false,Oral,OD,"1 Month"
M00175,Paracetamol,Plicamol,150mg,Injection,false,,,
M00176,Phenazopyridine,Phenazomex,100mg,Tablet,false,Oral,TDS,"10 Days"
M00177,Orlistat,Abnil,120mg,Tablet,false,,,
M00178,Ibuprofen+Pseuoephedrinr,Arinac,400mg,Tablet,false,,,
M00179,Ibuprofen+Pseuoephedrinr,Arinac,200mg,Tablet,false,,,
M00180,Meloxicam,Mits,15mg,Tablet,false,,,
M00181,Tinizidine,Musidin,4mg,Tablet,false,,,
M00182,Diclofenac+Misoprostol,Cytopan,50mg,Tablet,false,,,
M00183,Solifenacin,Solifen,10mg,Tablet,false,Oral,OD,"1 Month"
M00184,Solifenacin,Solifen,5mg,Tablet,false,Oral,OD,"1 Month"
M00185,Flavoxate,Urocan,100mg,Tablet,false,,,
M00186,Flavoxate,Urocan,200mg,Tablet,false,,,
M00187,Dynalip PT,,,Tablet,false,Oral,OD,"10 Days"
M00188,Tamsulosin,Contiflo,0.4mg,Capsule,false,,,
M00189,Silodosin,Silorap,8mg,Capsule,false,Oral,OD,"1 Month"
M00190,Gabapentin,Gabix,100mg,Capsule,false,Oral,OD,"1 Month"
M00191,Gabapentin,Gabix,300mg,Capsule,false,Oral,,"1 Month"
M00192,Duloxitin,Dobalta,30mg,Capsule,false,,,
M00193,Pregabalin+Methylcobalamin,Pgap-MB,75/500mg,Tablet,false,,,
M00194,Alfacacidol 0.5,Ricknil,,Tablet,false,,,
M00195,Dutasteride+Tamsulosin,Maxflo D,,Capsule,false,,,
M00196,Celecoxib,Calbex,200mg,Capsule,false,,,
M00197,Active Plus,,,Capsule,false,,,
M00198,Coenzyme,COQ-10,,Capsule,false,,,
M00199,Mirabegron,Mirabet,25mg,Tablet,false,Oral,OD,"1 Month"
M00200,Oxybutynini,,5mg,Tablet,false,Oral,BD,"1 Month"
M00201,Nimesuild,Nimace,100mg,Tablet,false,,,
M00202,Naproxin,Naprox,250mg,Tablet,false,Oral,BD,"10 Days"
M00203,Naproxin,Naprox,500mg,Tablet,false,Oral,BD,"10 Days"
M00204,Spironolactone+Furosemide,Spiromide,,Tablet,false,Oral,OD,"10 Days"
M00205,Spironolactone,Aldactone,100mg,Tablet,false,,,
M00206,Trypsin+Chymotrypsin,Chymral Forth,,Tablet,false,,,
M00207,Actho P(Thiocolchicoside+Acelofenac+paracetamol,,,,false,Oral,,"10 Days"
M00208,Diclofenan 50mg Tab,Voltral,50mg,,false,Oral,BD,"10 Days"
M00209,Diclofenac 100mg Tab,Voltral,100mg,,false,Oral,BD,"5 days"
M00210,Febuxostat 40mg Tab,Urigo,40mg,,false,,,
M00211,Fenofibrate 67mg Tab,Fenoget,67mg,,false,,,
M00212,Fenofibrate 20mg Tab,Fenoget,200mg,,false,Oral,OD,"1 Month"
M00213,Paracetamol+orphenadrine Tab,Nuberol Forte,,,false,Oral,BD,"5 days"
M00214,Diclofenac 75mg Tab,Beflam,75mg,,false,,,
M00215,STRENGTH AND STAMINA Tab,OAD,,,false,Oral,OD,"20 days"
M00216,Finasteride 1mg Tab,Hairfin,1mg,,false,,,
M00217,Mesterolone Tab,Proviron,,,false,,,
M00218,Methotrexate 10mg Tab,Cytotrexate,10MG,,false,,,
M00219,Combeind Tab,Oligo Care,,,false,,,
M00220,Tribuls terrestrise ext comp cop,Gonadil F,,,false,,,
M00221,Libido Enhancer Cop,Caver Nos,,,false,Oral,OD,"1 Month"
M00222,Diclofenac 50mg Cop,Voren,5mg,,false,,,
M00223,Orphenadrine citrate+paracetamol Tab,Duragesic,,,false,,,
M00224,Chlorpheniramine 4mg Tab,Pritone,4mg,,false,,,
M00225,Carbon Tab,Actived Charchol,,,false,,,
M00226,Dicyloverine hydrochloride Tab,Spasmolyte,20mg,,false,,,
M00227,Acetaminophen +codeine Tab,Acetaminophen,,,true,,,
M00228,Vit B1.B6.B12,Neurobion,,Injection,false,IV,OD,"3 days"
M00229,Atenolol 100mg,Tenorimn,100MG,Tablet,false,,,
M00230,Losartan potassium25mg Tab,Bepsar,25MG,,false,,,
M00231,Telmisartan80mg Tab,Misar,80MG,,false,,,
M00232,Rampril 5mg Tab,Rampice,5MG,,false,,,
M00233,Clopidogrelaspirin  Tab,Norplat S,75/75mg,,false,,,
M00234,Metoprolol 25mg Tab,Metonce,25mg,,false,,TDS,
M00235,Bisoprolol Hemifuarate Tab,Concor,5MG,,false,,,
M00236,Bisoprolol Hemifuarate Tab,Concor 2.5M,,,false,Oral,OD,"1 Month"
M00237,Amlodipine/valsartan Tab,Emhart,5mg/160mg,,false,,,
M00238,Amlodopine 10mg Tab,Amlo,5MG,,false,,,"1 Month"
M00239,Amlodopine 10mg Tab,Amlo,10MG,,false,Oral,OD,"1 Month"
M00240,VILDAGLIPTIN+METFORMIN Tab,Vidace-M PLUS,50/1000MG,,false,Oral,BD,"1 Month"
M00241,Glimepiride+Metformin Tab,Getformin,1mg/500mg,,false,Oral,OD,"1 Month"
M00242,Glimepiride+Metformin Tab,Getformin,2mg/500mg,,false,Oral,,"1 Month"
M00243,Sitagliptin,,50mg,Tablet,false,,,
M00244,Metformin +Hydrochloride Tab,Glucophage XR,500MG,,false,,,
M00245,Metformin +Hydrochloride Tab,Glucophage XR,750mg,,false,Oral,OD,"1 Month"
M00246,Metformin +Hydrochloride Tab,Glucophage,500mg,,false,Oral,OD,"10 Days"
M00247,Metformin +Hydrochloride Tab,Glucophage,850mg,,false,Oral,OD,"1 Month"
M00248,Dapagliflozin 5mg Tab,Dapa,5Mg,,false,Oral,OD,"1 Month"
M00249,Dapagliflozin &metformin Tab,Dapa Met XR,,,false,Oral,OD,"1 Month"
M00250,Combeind Power,Spermixeed,,,false,,,
M00251,Sitagliptin+metformin Tab,Sitaglumet,50/500mg,,false,Oral,OD,"1 Month"
M00252,Captopril 25mg Tab,Kapril,25MG,,false,,,
M00253,Coptopril,,25mg,Tablet,false,,,
M00254,Captopril 25mg Tab,Capotin,25mg,,false,,,
M00255,Aspirin 75mg Tab,Loprin,75mg,,false,Oral,OD,"1 Month"
M00256,tiotropium 18mcg Tab,Tiovair,18mcg,,false,Inhalation,,"1 Month"
M00258,Atorvastatin 20mg Tab,Lipvas,20mg,,false,,,
M00259,Combeind Tab,A-ferin,,,false,,,
M00260,Montelukast+Levocetirizine Tab,Mont-LC,10/5mg,,false,Oral,,"10 Days"
M00261,Losartan potassium 25mg Tab,Eziday,25mg,,false,Oral,OD,"1 Month"
M00262,Losartan potassium 50mg Tab,Eziday,50mg,,false,Oral,OD,"1 Month"
M00263,Cetirizine 10mg Tab,Citriz,10mg,,false,,,
M00264,Desloratadine 5mg Tab,Larinex,5mg,,false,,,
M00265,Atorvastatin 10mg Tab,Lipiget,10mg,,false,Oral,OD,"1 Month"
M00266,Bethanechol 25mg Tab,Urinac,25mg,,false,,,
M00267,Atorvastatin+Fenofibrate Tab,Jovastatin-f,10/160mg,,false,,,
M00268,Dexamethasone,,0.5mg,Tablet,false,,,
M00269,Bismuth Subsalicylate265 Tab,Bismol,265mg,,false,Oral,BD,"10 Days"
M00270,Ibuprofen600mg Tab,Brufen,600mg,,false,IV,BD,"2 Weeks"
M00271,Aspirin 75mg,Ascard,75mg,,false,Oral,OD,"1 Month"
M00272,Diclofenac,Realfenac,25mg,,false,,,
M00273,Drop,Oil Gominol,5%,,false,,,
M00274,Lotion,Glycerince Boric,5%,,false,,,
M00275,Lotion,Glycerince Soda,5%,,false,,,
M00276,Metronidazole+Diloxanide Tab,Metodine DF,500/400mg,,false,,,
M00277,Diloxanide+Metronidazole Tab,Entamizole,,,false,,,
M00278,Rivaroxaban 15mg Tab,Xcept,15mg,,false,,,
M00279,Rivaroxaban 20mg Tab,Xcept,20mg,,false,,,
M00280,Serratiopeptidase 10mg Tab,Danzen DS,10mg,,false,Oral,BD,"10 Days"
M00281,Metronidazole 250mg Tab,Metronidazole,250mg,,false,Oral,,"14 days"
M00282,Loperamide  Cop,Imodium,2mg,,false,,,
M00284,Combeind Tab,Pepzym,,,false,Oral,BD,"10 Days"
M00285,Pantoprazole 40mg Tab,Zopent,40mg,,false,Oral,BD,"10 Days"
M00286,Ondansetron  Tab,Onset-8,8mg,,false,Oral,OD,"10 Days"
M00287,Itopride  Tab,Ganaton OD,150mg,,false,,,
M00288,Prochlorperazine  Tab,Stemetil,5mg,,false,,,
M00289,Pheniramine maleate  Tab,Avil,,,false,,,
M00290,Famotidine 20mg Tab,Famoscot,20mg,,false,Oral,,"1 Month"
M00291,Famotidine 40mg Tab,Famoscot,40mg,,false,Oral,BD,"10 Days"
M00292,Mebendazole 100mg  Tab,Vermox,100mg,,false,Oral,BD,"3 days"
M00293,Sodium Picosulfate Tab,Laxoberon,,,false,,,
M00294,Furosemide  Tab,Lasix,20mg,,false,Oral,,"1 Month"
M00295,Levosulpiride  Tab,Leos,25mg,,false,,,
M00296,Levosulpiride 50mg Tab,Dowsul,50mg,,false,,,
M00297,Domperidone 10mg Tab,Ridon,10mg,,false,,,
M00298,Tinidazole 500mg Tab,Trichogin,500mg,,false,,,
M00299,Metronidazole500mg Tab,Metnizol,500mg,,false,Oral,BD,"10 Days"
M00300,Bisacodyl 5mg Tab,Delax,5mg,,false,,,
M00301,Lansoprazole 30mg Tab,Lansor,30mg,,false,,,
M00302,Vonoprazan 20mg Tab,Voniza,20mg,,false,,,
M00303,Dimenhydriate,Gravinate,,Tablet,false,,,
M00304,Pantoprazole  Tab,Genopra DR,40mg,,false,,,
M00305,Esomeprazole+Levosulpiride Cop,Esoline-L,40/75mg,,false,,,
M00306,Mebeverine 135mg Tab,Colofac,135mg,,false,,,
M00307,Esomeprazole 40mg Cop,Esovic,40mg,,false,Oral,OD,"1 Month"
M00308,Itopride 50mg Tab,Pridegex,50mg,,false,,,
M00309,Mebeverine 135mg Tab,Zeespa,135mg,,false,,,
M00310,Dexlansoprazole 30mg Cop,Stomdex,30mg,,false,,,
M00311,Secnidazole  Tab,Senex forte,1g,,false,,,
M00312,Dexlansoprazole  Cop,Lenzeu,60mg,,false,,,
M00313,Rabeprazole+Domperidon Cop,Rebline-D,,,false,,,
M00314,Probiotics+Zinc Powder,Biolac,,,false,,,
M00315,Chloroquine Phosphate,Benaquin,,Tablet,false,,,
M00316,Throxine,Thyrox,100mcg,Tablet,false,Oral,OD,"1 Month"
M00317,Mefenamic acid,Ponstan Forte,,,false,,,
M00318,Glyceryl trinitrate 0.5,Angised,,Tablet,false,,,
M00319,Throxine,Thyrox,50mcg,Tablet,false,Oral,OD,"1 Month"
M00320,Carbimazole,Nen-mercazole,5mg,Tablet,false,,,
M00321,Salbutamol+Beclometasone,Xaltide HFA,,Inhaler,false,,,
M00322,Salbutamol,Salbo HFA,,Inhaler,false,,,
M00323,Nitroglycerinn Tan,Nitromint,2.6mg,,false,,,
M00324,Rifaximin,Nimixa,550mg,Tablet,false,,,
M00325,Leflunomide,Cara,20mg,Tablet,false,,,
M00326,Drotaverine,No-spa,40mg,Tablet,false,,,
M00327,Methimazole,,5mg,Tablet,false,Oral,BD,"1 Month"
M00328,Beclomethasone,Clenil,,Vial,false,,,
M00329,Probiyotik,Prolex,,Powder,false,Oral,BD,"10 Days"
M00330,Ipratropium,Atem,,Solution,false,,,
M00331,Ciprofloxacin,Novidat,500mg,Tablet,false,Oral,BD,"5 days"
M00332,Levofloxacin,Termigen,250mg,Tablet,false,,,
M00333,Doxycycline,Doxyspor,100mg,Capsule,false,Oral,BD,"10 Days"
M00334,Fosfomycin,FocinUltra,3mg,Sachet,false,,,
M00335,Drotaverine,No-Spa,40mg,Injection,false,,,
M00336,Nitrofurantoin,,100mg,Tablet,false,,BD,"5 days"
M00337,Moxifoxacin,M-floxin,400mg,Tablet,false,,,
M00338,Linezolid,Ecasil,600mg,Tablet,false,Oral,BD,"10 Days"
M00339,Levofloxacin,Levomerc,500mg,Tablet,false,Oral,OD,"10 Days"
M00340,Amoxicillin,Ospamox,1g,Tablet,false,,,
M00341,Azitromycinn,Zithrolide,250mg,Capsule,false,,,
M00342,Amoxicillin+Clavulanin acid,Amoxi-Clav,,Tablet,false,Oral,BD,"5 days"
M00343,Co-amoxiclav,Calamox,625mg,Tablet,false,,,
M00344,Ciprofloxacin,Cinrol,500mg,Tablet,false,,,
M00345,Azitromycinn,Zithrolide,500mg,Tablet,false,,,
M00346,Ciprofloxacin,Cinrol,250mg,Tablet,false,,,
M00347,Erythromycin,Erythrocin,500mg,Tablet,false,,,
M00348,Cefixime,Cefiget,400mg,Capsule,false,Oral,OD,"10 Days"
M00349,Cefixime,Cefiget,200mg,Capsule,false,Oral,BD,"5 days"
M00350,Erythromycin,Erythrocin,250mg,Tablet,false,,,
M00351,Ciprofloxacin,Ciprocoast,500mg,Tablet,false,Oral,BD,"10 Days"
M00352,Fosfomycin,Focin,500mg,Capsule,false,,,
M00353,Ciprofloxacin,Sarf,750mg,Tablet,false,,,
M00354,Cephradine,Lenwin,250mg,Tablet,false,,,
M00355,Cephradine,Lenwin,500mg,Tablet,false,,,
M00356,Sulpiride,,500mg,Capsule,false,,,
M00357,Cephalexin,Keflex,500mg,Capsule,false,,,
M00358,Ofloxacin,Olaxcin,400mg,Tablet,false,,,
M00359,Clarithromycin,Claritek,250mg,Tablet,false,Oral,BD,"10 Days"
M00360,Dicyclomine+Simethicone,Colimex,,Drop,false,,,
M00361,Acetaminophen,Babygesic,,Drop,false,,,
M00362,Paracetamol,Panadol,,Drop,false,,,
M00363,Cylip-P,,,Drop,false,,,
M00364,Colorest,,,Drop,false,,,
M00365,Coferb,,,Drop,false,,,
M00366,Glybiotic,,,Drop,false,,,
M00367,Colic,,,Drop,false,,,
M00368,Salbutamol,Ventolin,,Drop,false,,,
M00369,Dimenhydriate,Gravinate,12.5mg,Injection,false,,,
M00370,Eargol,,,Drop,false,,,
M00371,Rubifer,,,Drop,false,,,
M00372,Nospay,,,Drop,false,,BD,
M00373,Simethicone,Metsil,,Drop,false,,,
M00374,Ascorbic acid,Vita-C,,Drop,false,,,
M00375,Rhino-Sone-P,,,Drop,false,,,
M00376,Xylometazoline,Xynosine,,Drop,false,,BD,"5 days"
M00377,Xylometazoline,Xynosine child,,Drop,false,Oral,TDS,"4 days"
M00378,Nystatin,Nilstat,,Drop,false,,,
M00379,Domperidone,Domlar,5mg,Drop,false,,,
M00380,Dimenhydriate,Gravinate,,Tablet,false,,,
M00381,Vitamin A+D3,Kidgro,,Drop,false,,,
M00382,VitaminA+D3,Ad-nex,,Drop,false,,,
M00383,Silver,Quench,,Cream,false,,,
M00384,Lignocaine,,,Gel,false,,,
M00385,Pregabalin,Lingab,75mg,Capsule,false,,,
M00386,Tramadol,Tramal SR,100mg,Tablet,true,,,
M00387,Alprazolam,ALP,0.5mg,Tablet,true,Oral,OD,"1 Month"
M00388,Alprazolam,ALP,0.25mg,Tablet,true,,,
M00389,Clonazepam 0.25,Rivotril,,Tablet,true,,,
M00390,Clonazepam,Rivotril,2mg,Tablet,true,,,
M00391,Clonazepam Subhan,,1mg,Tablet,true,,,
M00392,Clonazepam Subhan,,2mg,Tablet,true,,,
M00393,Bromoazepam,Lexotonil,3mg,Tablet,false,,,
M00394,Trihexyphenidyl,Hexidyl,2mg,Tablet,false,,,
M00395,Fluphenazine,Gencate Depot,25mg,Ampoule,false,,,
M00396,Morohinesulfate /ml,Morphine,10mg,Ampoule,true,,,
M00397,Tramadol,Tramal,50mg,Tablet,true,Oral,OD,"1 Week"
M00398,Prommethazinehydrochloride,Promethazine,,Ampoule,false,,,
M00399,Phenobarbital,,200mg,Ampoule,true,,,
M00400,Pentazocin,,30mg,Ampoule,false,,,
M00401,Nalbuphin HCL,Kinz,10mg,Ampoule,false,,,
M00402,Biperden,Akinidic,5mg,Ampoule,false,,,
M00403,Diazpam,Valum,10mg/2ml,Ampoule,false,,,
M00404,Propofol,Pofol,200mg/20ml,Ampoule,false,,,
M00405,Ketamine,Kamin,50mg,Vial,true,,,
M00406,Haloperidol,Serenace,5mg,Ampoule,false,,,
M00407,Adenosine,Adenosinw,6mg/2ml,Ampoule,false,,,
M00408,Pan amin G Serum,,,,false,,,
M00409,Polygeline Serum,Haemaccel,,,false,,,
M00410,Cofcal,,,Tablet,false,,,
M00411,Multivitamins EFF,,,Tablet,false,Oral,OD,"15 days"
M00412,Vit C,,,Tablet,false,,,
M00413,ORS,,,Powder,false,,,
M00414,Softovac,,,Powder,false,Oral,BD,"1 Month"
M00415,Mouth wash,Protect,,Solution,false,,,
M00416,Daze junior,,,Spray,false,,,
M00417,Mecobalam,Mecobal,500mg,Ampoule,false,,,
M00418,Cetidine,Cimetidine,,Ampoule,false,,,
M00419,Lidocain,Serlix,10%,Spray,false,,,
M00420,Magnesium,,500mg,Ampoule,false,,,
M00421,Hyoscine,,20mg,Ampoule,false,,,
M00422,Streptomycin r Vail,,1g,,false,,,
M00423,Progesterone,,50mg,Ampoule,false,,,
M00424,Methylprednisolone Vail,Depo Medrol,40mg,,false,,,
M00425,Hydralazine,,20mg,Ampoule,false,,,
M00426,Betamethazone,,4mg,Ampoule,false,,,
M00427,Omeprazole Vail,Risek,40mg,,false,,,
M00428,Omeprazole,Risek,20mg,Powder,false,,,
M00429,Omeprazole,Risek,40mg,Powder,false,,,
M00431,Iron+Vit B12+Folicacid,Jectosol,,Ampoule,false,,,
M00432,Brufen,,200mg,,false,,BD,
M00433,VitaminD3 600000,,,Ampoule,false,,,
M00434,Vitamin D3 200000,,,Capsule,false,IM,OD,"1 Month"
M00435,Tranexamic Acid,Maxna,,Ampoule,false,,,
M00436,Lignocaine,,,Ampoule,false,,,
M00437,Atropine,,,Ampoule,false,,,
M00438,Adrinaline,,,Ampoule,false,,,
M00439,Amikacin,Grasil,100mg,Ampoule,false,,,
M00440,Amikacin,Grasil,500mg,Ampoule,false,,,
M00441,Calcuim Carbonate,,,Ampoule,false,,,
M00442,Furosemide,Laxis,20mg,Ampoule,false,,,
M00443,Bupivacain,Bupicain,,Ampoule,false,,,
M00444,Ketrolac,,,Ampoule,false,IV,OD,3days
M00445,Vitamin K,,,Ampoule,false,,,
M00446,Oxytixcin,,,Ampoule,false,,,
M00447,Naloxone 0.4,,,Ampoule,false,,,
M00448,Lignocain Vail,,,,false,,,
M00449,Lignocain+Adrenaline Vail,,,,false,,,
M00450,Hydrocortizone  Vail,,100mg,,false,,,
M00451,Hydrocortizone  Vail,,250mg,,false,,,
M00452,Hepamerz,,,Ampoule,false,,,
M00453,Topical Analgesic,Capcidol,,Cream,false,,,
M00454,Bio-Calamin-D,,,Lotion,false,,,
M00455,Naphazoline,Curine,,Drop,false,,,
M00456,Clindamycin,Clycin-T,,Lotion,false,,,
M00457,Somogel Grams,,,,false,Oral,BD,
M00458,Betagenic,,,Ointment,false,,,
M00459,Metoclopramide,Maxolon,,Tablet,false,Oral,BD,"1 Month"
M00460,Permethrin,Liceguard,5%,Cream,false,,,
M00461,Betnoesol-N,,,Drop,false,,,
M00462,G.T.N,,,Ointment,false,,,
M00463,Naphazoline,Naprisol,0.05%,Drop,false,,,
M00464,Betamethasone-N Oitment,,,,false,,,
M00465,Polyfax Skin Oitment,,,,false,,,
M00466,Ichtyol  Pamthyol,,10%,,false,,,
M00467,Hadensa,,,Ointment,false,,,
M00468,Metoclopramide,Maxolon,,Injection,false,IV,OD,
M00469,Vitamin A,Xerovit,,Ointment,false,,,
M00470,Betnoesol-N Eye,,,Ointment,false,,,
M00471,Polyfax Eye Oitment,,,,false,,,
M00472,Suction Connecting Tube,,,,false,,,
M00473,Sodium Picosulfate,Skilax,,Drop,false,,,
M00474,Prednisolone,,,Tablet,false,,,
M00475,Co-trimoxazole,Septran DS,,Tablet,false,Oral,BD,"15 days"
M00476,Biobrain,,,Drop,false,,,
M00477,Sodium Chloride,,,Drop,false,,,
M00478,Rowatinex,,,Drop,false,,,
M00479,Otosporin,,,Drop,false,,,
M00480,Neuro-Bedoxine Plus,,,Tablet,false,,,
M00481,Paractamol,Parol,500mg,Tablet,false,Oral,TDS,"10 Days"
M00482,Paracetamol,Panadol,500mg,Tablet,false,Oral,TDS,"10 Days"
M00483,Amoxicillin,,500mg,Capsule,false,Oral,BD,"10 Days"
M00484,Amoxicillin,Atoksilin,500mg,Capsule,false,Oral,BD,"15 days"
M00485,Vit B1.B6.B12,Neurobion,,Tablet,false,Oral,TDS,"1 Month"
M00486,Panadol CF,,,Tablet,false,Oral,TDS,"5 days"
M00487,Trisil Plus,,,Tablet,false,,,
M00488,Doxycycline,Supramycin,100mg,Capsule,false,,,
M00489,Ibuprofen,Budifen,400mg,Tablet,false,,,
M00490,Buscopan Plus,,,Tablet,false,,,
M00491,Metronidazole,Metrozine,200mg,Tablet,false,Oral,BD,"5 days"
M00492,Gauze Swabs,,,,false,,,
M00493,IV.Cannula,,24G,,false,,,
M00494,IV.Cannula,,26G,,false,,,
M00495,IV.Cannula,,18G,,false,,,
M00496,IV.Cannula,,22G,,false,,,
M00497,Dextrose+Sodium Chloride 500cc Serum,Mix,,,false,,,
M00498,Dextrose 1000cc Serum,Glucose,5%,,false,,,
M00499,Dextrose 500cc Serum,Glucose,5%,,false,,,
M00500,Sodium Chloride 1000cc Serum,N/S,,,false,,,
M00501,Sodium Chloride 500cc Serum,N/S,,,false,,,
M00502,Sodium Chloride 100cc Serum,N/S,,,false,,,
M00503,Ringer Lactate 1000cc Serum,R/L,,,false,,,
M00504,Ringer Lactate 500cc Serum,R/L,,,false,,,
M00505,Dextrose+Sodium Chloride 1000cc Serum,Mix,,,false,,,
Mask,B and bl,Mask,,,false,,,
Mask O,Mask Oxygen Adult,,,,false,,,
Max,Tranexamic acid,Maxna,500mg,Capsule,false,,,
Maxf,Tooth,Maxfresh,,Gel,false,,,
Maxfl,Tamsulosin,Maxflow,0.4mg,Capsule,false,,,
Maxi,Combined,Maxicold-plus,,Tablet,false,,,
Maxo,Metoclopramide,Maxolon,5mg,Syrup,false,,,
Me,Metodine DF Sus,,,,false,,,
Mecoba,Mecobalamin,Mecobalar-500,500mcg,Capsule,false,Oral,BD,"1 Month"
Med,Talc,Medola,,,false,,,
MED2,MEDICINE OUT,,,,false,,,
MEDI,MEDICINE INCOME,,,,false,,,
Medora,Medora Perfumed Talc,,,,false,,,
Mef,Moxifloxacin,Meflox,400mg,Tablet,false,,,
Melat,Melatonin Natural,,5mg,Tablet,false,,,
Melato,Melatonin,,10mg,Tablet,false,,,
Melaton,Melatonin,,5mg,Tablet,false,Oral,OD,"1 Month"
Ment,Menthol Crystal,,,,false,,,
Menth,Cough Lozenges,Menthosil,,,false,,,
Met,Combined,Metodine,350/250mg,Tablet,false,,,
Metn,Metronidazole,Metneon,500mg,Tablet,false,,,
meto,Metoprolol,Metonce,50mg,,false,,,
Metocl,Metoclopramide,,10mg,Ampoule,false,,,
Metol,Metolar Metoprolol,,5ml,Injection,false,,,
Metr,Metronidazol,Metroda,400mg,Tablet,false,,,
Metro,Metronidazol,Metroda,500mg,Tablet,false,Oral,BD,"5 days"
Mg-,Magnesium Glycinate,Mg-Vox,500mg,Tablet,false,,,
Mi,Mirtazapine,Mirtadil-7.5,7.5mg,Tablet,false,,,
Mic,Combined Losh,Micronema,,,false,,,
Mida,Midazolam,,5mg,Ampoule,true,,,
Min,Pregabalin+methylcobalamin,Minpre,,Capsule,false,,,
Mind,Melatonin,Mind peace-3,3mg,Tablet,false,,,
Minir,Desmopressin,Minirin,0.2mg,Tablet,false,,,
Mir,Combine Gel,mirofen,30g,,false,,,
Mirab,Mirabegron,Mirabet,50mg,Tablet,false,Oral,OD,"1 Month"
Mirta,Mirtazapine,Mirtaris-15,15mg,Tablet,false,,,
Mirtad,Mirtazapine,Mirtadil,30mg,Tablet,false,,,
Mirtadil,Mirtazapine,Mirtadil-15,15mg,Tablet,false,,,
Mis,Telmisartan+Amlodipine,MisarAm,5/80mg,Tablet,false,,,
Mit,Mirtazapin,Mitaz,15mg,Tablet,false,,,
Mita,Mirtazapin,Mitaz,30mg,Tablet,false,,,
Mix,Insulin 30Hm,Mixtard,,Vial,false,,BD,"1 Month"
Modax,Naproxen,Modaxen,500mg,Tablet,false,,,
Modke,Modafinil,Modkem,200mg,Tablet,false,,,
Mof,Moxifloxacin,Mofest,400mg,Tablet,false,Oral,OD,"5 days"
Mol,Moxifloxacin,Molox,400mg,Tablet,false,,,
Mono,Doxycyline,Monodoks,100mg,Capsule,false,,,
Mor,Combined,Moringa,,Tablet,false,Oral,OD,"1 Month"
More,Probiotic,More Biotic,,Capsule,false,Oral,BD,"5 days"
mot,Domperidone,Motilium,10mg,Tablet,false,,,
Move,Move Fast,,,,false,,,
Mox,Moxifloxacin,Moxiget,400mg,Tablet,false,Oral,OD,"14 days"
Moxin,Moxifloxacin,Moxinof,400mg,Tablet,false,,,
Moxv,Amoxycillin,Moxvid,250mg,Capsule,false,,,
Mul,Multi-Vitamin Green,,,Tablet,false,,,
Mult,Multivitamin INJ,Multibionta,10Ml,,false,,,
Myt,Montelukast Sach,Myteka,4mg,,false,Oral,OD,"5 days"
N,Combined,Novamentin-625,625mg,Tablet,false,,,
nab,Neblizer Mask Baby,,,,false,,,
Napr,Naproxen,,500mg,,false,,,
Napro,Iran,Naproxen,500mg,Tablet,false,,,
Nas,Multivitamin Combined,Nasvit-D3,,,false,,,
Naso,Xylometazoline,Nasocan,,Drop,false,,,
Nasoc,Xylometazoline,Nasocan,,Drop,false,,,
Nass,Miratzapin,Nassa,15mg,Tablet,false,,,
Nassa,Mirtazapine,Nassa,30mg,Tablet,false,,,
Nasv,Combind,Nasvit-D3,,Capsule,false,,,
nebu,Nebulizer Mask Lareg,,,,false,,,
Neo,Carbimazole,Neo-Mercazole,100mg,Tablet,false,,,
NEO-,Risperidone,NEO-RISP,2mg,Tablet,false,,,
Neoc,Amlodipine&Atenolol,Neocard-ATN,5/50mg,Tablet,false,,,
Neog,Metformin+Sitagliptin,Neoglip,50/500mg,Tablet,false,,,
Neol,Combined,Neolepra-F,6mg/25mg,Capsule,false,,,
Neole,Neolepra-F Combined,,3mg/25mg,Capsule,false,,,
Neonc,Cough,Neon,,Syrup,false,,,
Neur,Methylcobalamin Amp,Neuroka-Fast,1500mcg,,false,,,
Nev,CeftriXONE,Nevakson,1G,Vial,false,IV,BD,"1 Week"
Nex,Esomeprazole  IV,Nexm,40mg,,false,,,
Nexc,Ciprofloxacin Sus,Nexcip,250mg,,false,,,
Next,Metformin,Nextfor,500mg,Tablet,false,,,
Ni,Nimesulide,Nims,100mg,Tablet,false,,,
Nimo,Nimesulide,Nimosol,100mg,Tablet,false,,,
Nimum,Combind,Nimumac Cold,,Tablet,false,,,
Nog,Itopride Tab,Nogerd SR,150mg,,false,,,
Norb,Ceftriaxone,Norbac,500mg,Vial,false,,,
Nos,Drotaverine,No-Spa,40mg,Tablet,false,,,
Note,Mirtazapine,Notense,15mg,Tablet,false,,,
Nov,doxylamine/p/ Tab,Novom,10mg,,false,,,
NTB,Ciprofloxacin  Inf,Ntbec,200mg,,false,,,
Ntbe,Ciprofloxacin,Ntbec,500mg,Tablet,false,,,
Ntz,Nitazoxanide,Ntzone,500mg,Tablet,false,,,
Nuba,Quetiapin,Nubaquel,25mg,Tablet,false,,,
Nut,Nutri-C,,,,false,,,
Nyt,Fluphenazine&Nortriptyline,Nytrig,0.5/10mg,Tablet,false,,,
O,Olanzapine,Olanzya-5,5mg,Tablet,false,,,
Ocmin,Fluvoxamine,Ocmin 50,50mg,Tablet,false,,,
Ofl,Ofloxacin,Oflobid,200mg,Tablet,false,,,
Ol,Olanzapine,Olanzya-2.5,2.5mg,Tablet,false,,,
Ola,Olanzapin,Olanzi,10mg,Tablet,false,,,
Olanzi,Olanzapine,Olanziris-5,5mg,Tablet,false,,,
Ole,Olanzapine Tab,Olepra,10mg,,false,,,
Olep,Olanzapine Tab,Olepra,5mg,,false,,,
Ome,Omeprazole,Omes-20,20mg,Capsule,false,,,
omn,Paracetamol.caffein,Omnidol,500mg,Tablet,false,,,
Omz,Ompraz+Domper 20/10,Omzee D,,Capsule,false,,,
Ond,Ondansetron,Ondris-8,8mg,Ampoule,false,,,
orgi,Tadalafil  Str,Orgie,20mg,,false,,,
Orgie,Tadalafil  Dapoxe 10mg str,Orgie Plus,20mg,,false,,,
Orphe,Orphenadrine+Paracetamol 50+,Orphegesic,650mg,Tablet,false,,,
ORS,ORS  jus,Prolyte,200ml,,false,,,
ORS Nu,ORS Nutri-C,,,Solution,false,,,
Ost,vitk2 vit D3,Ostemen,,Capsule,false,Oral,OD,"1 Month"
Osti,Memantine Hydrochloride,Ostir-UP,10mg,Tablet,false,,,
Ovi,Clomiphene,OVI-F,50mg,Tablet,false,,,
Oxc,Duloxetine,Oxcym DR,30mg,Capsule,false,,,
Oxysp,Oxybutynin,Oxyspas,5mg,Tablet,false,,,
Oxyt,Cap,oxytetracycline,250mg,,false,,,
P,Paracetamol Inf,Pacimol,1g,,false,,,
pan,Panadol,,,Syrup,false,,,
Pana,Combind,Panadol CF,,Tablet,false,Oral,,"5 days"
Pant,Pantoprazole Vil,Pantoline,40mg,,false,,,
Panta,Pantoprazole Vil,Pantacoast,40mg,,false,,,
Panto,Pantoprazole+Domperidone,Pantonas Plus,40mg,Capsule,false,Oral,OD,"10 Days"
Pantom,Pantoprazole Vail,Pantomac,40mg,,false,IV,OD,3days
par,paromax paroxiten,,20mg,,false,,,
Para,Paracetamol Inf r,Paracoast,1g,,false,IV,OD,
parac,Paracetamol,,300mg,Injection,false,,,
parace,Paracetamol,,600mg,Injection,false,IV,OD,"1 days"
paracet,Paracetamol,,750mg,Injection,false,,OD,
Param,Paracetamol,Paramyl Osteo,665mg,Tablet,false,,,
Parax,Paroxtine,Paraxyl CR,25mg,Tablet,false,,,
Parayl,Paroxetine,C Paraxyl CR,12.5mg,Tablet,false,,,
Parayl C,Paroxetine,Paraxyl CR,12.5mg,Tablet,false,,,
Pars,Metronidazole  Inf,Parsazole,500mg,,false,,,
parsa,Ciprofloxacin  INF,Parsacip,200mg,,false,,,
Parsac,Ciprofloxacin 400 INF,Parsacip,,,false,,,
Pavo,Pavodin,,10%,,false,,,
Ped,Paracetamol/chlorph,Pedrol total,120mg,Syrup,false,,,
Pedif,Ibuprofen,Pedifen,100mg,Suspension,false,,,
Pen,Pentazocine,,30mg,Injection,false,,,
Per,Mouthwash  Sul,Perfect,110ml,,false,,,
Pexet,Naproxen,Pexet,500mg,Tablet,false,,,
Pharm,Amlodipine,Pharma Dip,10mg,Tablet,false,,,
Pharma,Amlodipine,Pharma Dip,5mg,Tablet,false,,,
Pi,Paracetamol,pirofen,500mg,Tablet,false,,,
Pir,Chlorpheniramine,Piriton,4mg,Tablet,false,,,
Plast,Plaster,,,,false,,,
pow,Powder ORS,,,,false,,,
Power,Sildenafil,Power-RIS,100mg,Tablet,false,,,
Pra,Venlafaxine,Pracit,37.5mg,Tablet,false,,,
Praz,Panto/Dompe /30,Prazol_D,40mg,Capsule,false,Oral,BD,"10 Days"
Pre,Prednisolone,,20mg,Tablet,false,,,
Predn,Prednisolone,,10mg,Tablet,false,Oral,BD,"1 Month"
Prega,Pregabalin+Methylcobalamin,prega-M,,,false,,,
Pregab,Pregabalin+Methylcobalamin,,,Capsule,false,,,
Pregz,Methylcobalamin+Pregabalin,Pregzin-P,,Tablet,false,,,
Preq,Quetiapine,Prequel,25mg,Tablet,false,,,
Pri,Levosulpiride,Pridogen,50mg,Tablet,false,,,
Prol,Escitalopram,prolexa,20mg,Tablet,false,,,
Prolex,Prolex plus,,,Sachet,false,Oral,OD,"10 Days"
Prota,paroxetine,protae,20mg,Tablet,false,,,
Pul,Combinde,Pulmonol,,Syrup,false,Oral,TDS,"10 Days"
Pzol,Panto+Domper,Pzole D,,Capsule,false,,,
Quin,Ciprofloxacin,Quinox,500mg,Tablet,false,,,
R,Olanzapine,Relaxi,10mg,Tablet,false,,,
R-Cin,Rifampicin,R-Cin,300mg,Capsule,false,,,
Rab,Combined,Rabesec-D SR,,Capsule,false,Oral,OD,"1 Month"
Rabor,Raboreg40 DSR,,,Capsule,false,,,
Ram,Ramipril,Ramipace,2.5mg,Tablet,false,,,
Rash,Combined,Rashnil,,Cream,false,,,
RBC,Iron Sucrose,RBC,100mg,Injection,false,,,
Real,Ceftriaxone,Real-One,1g,Vial,false,,,
Reb,Rabeprazole D,Rebline-E,,Capsule,false,,,
REf,Getamicin Inj,Refobacin,80mg,,false,,,
Refo,Gentamicin Inj,Refobacin,40mg,,false,,,
Rel,ceftriaxone,Realcef,1g,Vial,false,,,
Relex,Celecoxib,Relexafe-200,200mg,Capsule,false,,,
Repla,Risperidone,Replax,2mg,Tablet,false,,,
Replax,Risperidone,Replax,1mg,Tablet,false,,,
Rhi,Sildenafil+dapox,Rhino Gold 160,100/60mg,Tablet,false,,,
RHIN,Sildenafil+Dapox,Rhinogra Forte,100/60mg,Tablet,false,,,
Rid,Domperidone,Ridon,5mg,Syrup,false,,,
Rif,Rifazed-Rifampicin,,300mg,Capsule,false,Oral,OD,"45 days"
Rifa,Rifaximin,Rifaxa,550mg,Tablet,false,Oral,OD,"10 Days"
Risp,Risperidone,Risp,1mg,Solution,false,,,
Risper,Risperidone,,2mg,Tablet,false,,,
Rit,Clarithromycin,Rithmo,250mg,Tablet,false,,,
Rivo,Clonazepam,Rivotril,0.5mg,Tablet,true,,,
Rivot,Clonazepam,Rivotril,2.5mg,Drop,true,,,
Rom,OMG3,Romega,,Capsule,false,,,
Ron,Cetirizine,Ronex,10mg,Tablet,false,,,
Rot,Rotaflo,,,,false,,,
Rox,Celecoxib,Roxib,200mg,Capsule,false,,,
Roxx,Paroxetine,Roxxi,20mg,Tablet,false,,,
Roy,Petrolem jelly,Royal,,,false,,,
Roya,Shampoo,Royal,,,false,,,
Ruxa,Amoxicillin+Clavulanate,Ruxaclam,625mg,Tablet,false,,,
S,Paracetamol,Snomol,125mg,Suspension,false,,,
Saf,Safacid,,,Capsule,false,Oral,BD,"10 Days"
Salbu,Salbutamol,,,Syrup,false,,,
San,Herbal,Sankol,,Drop,false,,,
Sana,Combinde,Sana Flu,,Syrup,false,,,
Sante,Santedyne Toothpaste,,,,false,,,
Sem,Semaglutide,Sematide,0.25mg,Injection,false,,,
Sen,teeth creem,Sensodyne,,,false,,,
Sens,Flupentixol-Melitracen,Sensit,0.510mg,Tablet,false,,,
serc,Betahhistine,serc,16mg,Tablet,false,Oral,BD,"1 Month"
Sert,Sertraline,Sertaris 100,100mg,Tablet,false,Oral,OD,"1 Month"
Si,"Metformin,Sitagliptin 50,500",Sitafor-M,,Tablet,false,,,
Sid,Amlodipin&Atenolo 5/50,Sidoplus,,Tablet,false,,,
Sie,Sildenafil  Str,Siezta,100mg,,false,,,
Sign,Olanzapine,Signapine,10mg,Tablet,false,,,
Sin,Combinde SYP,Sinus Pro,100Ml,,false,,,
Sit,Sitagliptin,Sitafor,50mg,Tablet,false,,,
Sita,"Metformin,Sitagliptin 50,1000",Sitafor-M,,Tablet,false,,,
Sitn,Sitagliptin,Sitnas,50mg,Tablet,false,,,
Snhag,Sildenafil,Suhagra-50,50mg,Tablet,false,,,
Snob,Pregabalin 75mh,Snobalin-75,,Tablet,false,,,
Snol,Lactulose,Snoloz,66.7g,Solution,false,,,
Snom,Paracetamol,Snomol Ds,250MG,Syrup,false,,,
Sol,Solfy Solifenacin,,5mg,Tablet,false,,,
Solif,Solifenacin,Solif,10mg,Tablet,false,Oral,OD,"1 Month"
Sor,Sorecare,,,Gel,false,,,
Spas,Drotaverine,Spas-Go,40mg,Injection,false,,,
Spe,Sperm,Spermixeed,,Sachet,false,,,
Ster,Vitamin D3/Cap,Sterol D,,,false,,,
Sterd,Seratiopeptidase,Sterdispo,10mg,Tablet,false,,,
Steri-St,Steri-Strip,,,,false,,,
Stom,Dexlansoprazole,Stomdex,60mg,Capsule,false,,,
Stu,Cinnarizine,Stugeron,25mg,Tablet,false,,,
Suc,Sucralfate,Sucrapil,1g,Syrup,false,,,
Sucra,Sucralfate Syp,Sucra Plus,1G,,false,,,
Suh,Sildenafil,Suhagra,100MG,Tablet,false,,,
suha,SUHAGRA SILDENAFIL,,50MG,Tablet,false,,,
Suhag,Sildenafil,Suhagra-100,100mg,Tablet,false,,,
Sulv,Levosulpiride,Sulvorid,50mg,Tablet,false,,,
Syr,cc,Syringe,10ml,,false,,,
Syri,cc,Syringe,5ml,,false,,,
Syrin,cc,Syringe,60ml,,false,,,
Syring,cc,Syringe,50ml,,false,,,
syringe,Syringe 20,,,,false,,,
tada,TADACIP TANDANAFIL,,20ML,Tablet,false,Oral,OD,"1 Week"
Tag,Sitagliptin+Metformin,Tagipmet,50/500mg,Tablet,false,,,
Tagip,Sitagliptin+Metformin 50+,Tagipmet,1000mg,Tablet,false,,,
Tal,Sertraline,Taline,100mg,Tablet,false,,,
Tali,Sertralin,Taline,50mg,Tablet,false,,,
Tam,Tamsulosin Hy 0.4/Dutasteride 0.5,Tamspas-d,,Tablet,false,Oral,OD,"1 Month"
Tamm,Tamsulosin&Dutasteride,Tammislin-D,,Tablet,false,Oral,OD,"1 Month"
Tamo,Combinde,Tamomide-40,,Tablet,false,,,
Tan,Combined,Tanzo,4.5g,Vial,false,,,
Tard,Ceftriaxone Vail,Tardocef,1g,,false,,,
Tas,Telmisartan,Tasmi,40mg,Tablet,false,,,
tasm,Telmisartan,tasmi,80mg,Tablet,false,,,
Tasmi,Telmisartan,Tasmi,20mg,Tablet,false,,,
Ted,Tedaprox  Naproxen,,500mg,Tablet,false,,,
Tegri,Carbamazepine,Tegrital,200mg,Tablet,false,,,
Ten,Atenolol,Tenormin,50mg,Tablet,false,,,
Testo,Testosterone,Testoviron Depot,250mg,Ampoule,false,IM,OD,"1 Month"
Tetra,Tetracycline 250,Tetrakim,,Capsule,false,Oral,QID,"14 days"
Tetrac,Tetracycline Eye,,,Ointment,false,,,
Thiro,Thyroxine,ThiroAce,100mg,Tablet,false,,,
ThiroA,Thyroxine,ThiroAce,50mg,Tablet,false,,,
Thyro,Thyroxine,Thyrox,100mg,Tablet,false,,,
Thyrox,Thyroxine,Thyrox,25mg,Tablet,false,Oral,OD,"1 Month"
Thyroxi,Levothyroxine,Thyroxine,50mcg,Tablet,false,,,
Tiag,Combinde,Tiagra Gold,,Capsule,false,,,
tin,Tinidazole,Tinidazol,500mg,Tablet,false,Oral,OD,"3 days"
Tini,Tinidazole,Tinibact,500mg,Tablet,false,Oral,OD,"5 days"
tiog,Tiotropium,Tioget,18mcg,Capsule,false,,,
Tom,Topiramate,Tomax,50mg,Tablet,false,,,
Toma,Topiramate,Tomax,25mg,Tablet,false,,,
Ton,Tramadol+Paracetamol,Tonoflex-p,,,true,,,
Tra,Tranexamic acid,Transamin,250mg,Capsule,false,,,
Tram,Tramadol,Tramal,100mg,Injection,true,,,
Tramal,Tramadol,Tramal,50mg,Capsule,true,,,
Trani,Tranexamic Acid,,5ml,Ampoule,false,,,
Tre,Methotrexate,trexate,10mg,Tablet,false,,,
Trevia,Sitagliptin+Metformin 50,Treviamet,1000mg,Tablet,false,,,
Tri,Amlodipine+Valsartan Hydro 10.160.12,Triforge,,Tablet,false,,,
Tri-,Triamcinolone,Tri-VEE,40mg,Ampoule,false,,,
Tuf,Combined,Tufcold,,Capsule,false,,,
Txo,Flupentixol&Melitracen,Txol-M,0.5/10mg,Tablet,false,,,
Ubg,Vildagliptin+Metformin Tab 50/500,UBGLIB-M,,,false,,,
Urico,Flavoxate,Uricon,100mg,Tablet,false,Oral,BD,"10 Days"
Urif,Tamsulosin,Uriflosin,0.4mg,Capsule,false,,,
Urig,Febuxostat,Urigo,40mg,Tablet,false,Oral,OD,"1 Month"
Urima,Tamsulosin 0.4,Urimax,,Capsule,false,Oral,OD,"1 Month"
urine,ba Urine bag,,,,false,,,
urine ba,Urine bag,,,,false,,,
uro,cranberry/sach,Urocran,,,false,,,
Urocit,Urocit-K potassium citrate,,1080mg,,false,Oral,OD,"1 Month"
Urok,Potassium,Urokit,10mg,Tablet,false,,,
Urosis,Tamsulosin+Dutasteride,Urosis D,0.4/0.5mg,Capsule,false,Oral,OD,"1 Month"
V,Amlodipine+Valsartan 10-160,Valmi,,Tablet,false,,,
Val,Diazepam,Valium,5mg,Tablet,true,,,
Vali,Diazepam,Valium,10mg,Tablet,true,,,
Valm,Amlodipne+Valsartan 5- Tan,Valmi,80mg,,false,,,
Valmi,Amlodipine+Valsartan 5-160,Valmi,,Tablet,false,,,
vaz,Clonidine,Vazonidin,0.2mg,Tablet,false,,,
Ve,Betahistine,Vergo,8mg,Tablet,false,,,
Venlo,Venlafaxine,Venlor-XR,75mg,Capsule,false,,,
Vep,Risperidone,Vepridone,2mg,Tablet,false,,,
Vepar,Verapamil,Veparil,5mg,Ampoule,false,,,
Ver,Betahistine,Vergo,16mg,Tablet,false,,,
Vera,Levocetirizine,Verazine,5mg,Tablet,false,,,
vic,vicast D3 300000,,,Ampoule,false,,,
Vico,Vitamin D,,3300000IU,Injection,false,IM,OD,"1 Month"
Vigl,Vildagliptin+Metformin,Viglip-M,50/1000mg,Tablet,false,,,
Vigro,Sildenafil,Vugrodit,100mg,Tablet,false,,,
Vilac,Vildacoast-M 850,,,Tablet,false,,,
vit,B Vitamin B,,1300mg,Tablet,false,,,
vit B,Vitamin B,,1300mg,Tablet,false,,,
Vit D,Vit D,,3200000IU,,false,,,
Vitamin,Vitamin B Complex,,,Ampoule,false,,,
Vitc,Vitamin C,,240mg,Tablet,false,,,
Vitg,Sildenafil,Vigrodit,100mg,Tablet,false,Oral,OD,"1 Week"
Viv,Cap,Vivioptal,,,false,,,
vivi,Cap,Vivioptal,,,false,,,
Vka,Zinc S SYP 28,Vkazin,,,false,,,
Vomit,Domperidone,Vomitin,10mg,Tablet,false,,,
Vor,Diclofenc Sodium,Voren,50mg,Capsule,false,,,
Voxi,Levofloxacin,Voxiquin,500mg,Tablet,false,,,
Wari,Levofloxacin,Warior,500mg,Tablet,false,,,
Wat,Water,,,Injection,false,,,
Xall,Sertraline,Xaller,50mg,Tablet,false,,,
Xantho,Doxofylline,Xanthofyl,400mg,Tablet,false,,,
Xcep,Rivaroxaban,Xcept,15mg,Tablet,false,,,
Xengri,Xengripe Forte,,60ml,Syrup,false,,,
Xorbact,Cefoperazone+Sulbactam,Xorbact,2g,Injection,false,,,
Xylo,Xylometazoline,Xyloson,0.1%,Drop,false,,,
Xyloso,Xylometazoline,Xyloson,0.5%,Drop,false,,,
Yti,Combend,Ytig Plus,,Tablet,false,,,
Ytig,Ytig,,,,false,,,
Zaptaaz,Mirtazapine,Zaptaaz,30mg,Tablet,false,,,
zee,Pregabalin,Zeegap,75mg,Capsule,false,,,
Zen,Albendazole,Zentel,200mg,Tablet,false,,,
Zena,Atorvastatin+Fenofibrate,Zenator,10/160mg,Tablet,false,,,
Zenat,Atorvastatin,Zenator,20mg,Tablet,false,,,
Zend,ondansetron,Zendon,8mg,Tablet,false,,,
Zep,Pantoprazole Vail,Zepoxin,40mg,,false,,,
Zepox,Pantoprazole+Levosulpiride,Zepoxin-LVS,,,false,,,
Zet,Azithromycin,zetro,500mg,Tablet,false,Oral,OD,"5 days"
Zevc,Clindamycin,Zevclinda,300mg,Capsule,false,,,
Zitop,Itopride,Zitoprid,150mg,Tablet,false,,,
ZN,Zinc 20,Zincomax,,Tablet,false,,,
Zofr,Ondansetron,Zofra,,Solution,false,,,
Zol,Zolpidem,Zolp,10mg,Tablet,true,,,
Zon,Cefoperzone,Zoniper,2g,Vial,false,,,
