code,name,departmentCode,fee
002,Matullah,OPD,
008,dr mati,OPD,
40,Optic,DENTA,
A100,Anesthesia,OPEN,
ABD,ABDOMEN TAB,EME,
ABDO,ABDOMENAL HESTRECTOMY,GYN,
ABDOM,ABDOMEN ERECT,RAD,
ABT,AB.THYRID,DENTA,
ANALFIS,ANAL FISSURECTOMY,OPEN,
ANE,ANESTHISIA,ANE,
ANEU,ANEURISMAL SURGERY,NEURO,
ANKL,ANKLE JOINT X-RAY,RAD,
ANTE,ANTERIOR CERVICAL DLSCETOMY,NEURO,
ANTER,ANTERIOR AND ANTERIOR LATERAL SPIN SURGRY,NEURO,
APP,APPLYING OF IV CANOLA,PED,
APPL,APPLYING OF SUTURES,EME,
ASSI,DELIVERY ASSISTED BY EPISIOTOMY,GYN,
AV,AV FISTUAL,URO,
BED,BED FEE/HR,EME,
BLO,BLOOD TRANSFUTION,EME,
BLOO,BLOOD BANK,EME,
BLOODT,BLOOD TRANSFUSION`,EME,
BO,BOTH ANKLE JOINT X-RAY,RAD,
BOT,BOTH WREST JOINT X-RAY,RAD,
BOTH,BOTH KNEE JOINT X-RAY,RAD,
BOTHF,BOTH FEET JOINT X-RAY,RAD,
BOTHH,BOTH HAND JOINT X-RAY,RAD,
BP,BP BY NURSE,EME,
BPC,BP CHECK,EME,
BRA,BRAIN TUMOR,NEURO,
BRAI,BRAIN ABSCES DRAINAG,NEURO,
BRE,BREAST,RAD,
BREAST A,BREAST ABSCES,URO,
BRES,BREST,RAD,
BRS,AB.PELVIC,RAD,
C C PLAT,C C PLATE DENTURE,DENTA,
C SEC,C SECTION,URO,
CALCAN,CALCANEUS X-RAY,RAD,
CAR,CARTID DOPPLER,RAD,
CARDI,CARDIAC MONITORING,EME,
CARDIAC,CARDIAC MONITORING,INTER,
CC,CCU,INTER,
CCU,CCU,IPD,
CER,CERVICAL LAMENECTOMY,NEURO,
CERV,DEPO INJECTION,GYN,
CERVIC,CERVICAL SPIN X-RAY,RAD,
CES,INSERTION OF IUCD,GYN,
CESA,CESAREAN SECTION,GYN,
CHEM,CHEMOTHERAPY,OPEN,
CHES,SHECHT TUBE INSERTION(CHECHT INTUBATION),EME,
CHEST,CHEST X-RAY,RAD,
CHOLEDU,CHOLEDUHOLITHOTOMY,OPEN,
CHRO,CHRONIC SUB DURAL HEMATOMA,NEURO,
CLAVI,CLAVICOLA BONE X-RAY,RAD,
COCCYX,COCCYX X-RAY,RAD,
COLO,COLONOSCOPY,ENDO,
COLP,EVACUATION & CURTTEGE,GYN,
COLPR,DEILATATION &CURTTEGE,GYN,
COMP,COMPELETE PATIENT MONITORING / HR,EME,
CON,CONGENITAL HYDROCEPHALUS VC SHUNT,NEURO,
CONG,CONGENITAL HYDROCEPHALUS,NEURO,
CONSUL,CONSULTATION,OPD,
CONTR,CONTRAST DOPPLER,RAD,
CRA,CRANIO SYNOSTOSIS,NEURO,
CTG,CTG,GYN,
CYS,CYSTESCOPE CHECKUP,URO,
CYST,CYSTOSCOPE+BIOPSY,URO,
CYSTO,CYSTOLITHOTOMY,OPEN,
D 65,Hoda,OPD,
D28,MOHIB,OPD,
d58,Dr. Zekria Shadab,OPD,
DA,DAY CARE FOR PRIVET,EME,
DAY,DAY CARE FOR WARD,EME,
DENT X,DENTAL X-RAY,DENTA,
DENTU,DENTUR 1,DENTA,
DENTUR,DENTUR 2,DENTA,
DENTUR3,DENTUR 3,DENTA,
DEPR,DEPRESSED FRACTURE SIMPLE,NEURO,
DEPRE,DEPRESSED FRACTURE SIMPLE WITH FIXITION,NEURO,
DEPRES,DEPRESSED FRACTURE COMPLEX,NEURO,
DESIGN,DESIGN-PORCELLIN,DENTA,
DIA,DIALYSIS WITH DOUBLE LUMEN,DIALY,
DIAL,DIALETION,URO,
DILA,DILATATION & CURETTAGE,GYN,
DIOS,DIOSTHOMYTHOMYLIA,NEURO,
DISP,DISPOSIBLE INSTRUMENT SET,DENTA,
DORS,DORS LUMBER SPAIN X-RAY,RAD,
DOUB,DENTAL X-RAY,RAD,
DRAIN,DRAINAGE PROCEDURE,OPEN,
ECG,ECG,EME,
ECHO,ECHO,EME,
ECT,ECTOPIC PRAGNANCY,GYN,
ELBOW,ELBOW JOIN X-RAY,RAD,
ENDO,ENDOSCOPY,ENDO,
ENDOS,ENDOSCOPY,ENDO,
ENDOV,ENDOVAGINAL V/S,RAD,
ENE,ENEMA,EME,
ENGO,ENGOGRAPHY,CAR,
ENGOP,ENGOPLASTY,CAR,
ETT,ETT,INTER,
EXTR,EXTRA DURAL HEMATOMA,NEURO,
EXTRAC,EXTRACTION,DENTA,
FACIAL,FACIAL BONSE X-RAY,RAD,
FEMUR,FEMUR X-RAY,RAD,
FETA,FETAL WELL BEING(OBS),RAD,
FILLING,FILLING (RCT),DENTA,
FISTU,FISTULECTOMY,OPEN,
FOL,FOLEY CATHETER INSERTION,EME,
FOLE,FOLEY CATHETER REMOVAL,EME,
FOLL,FOLLICULAR STUDY,RAD,
FOLLY,FOLLY CATHETER REMOVAL,EME,
FOOT,FOOT X-RAY,RAD,
FU,FULLY,EME,
FULI,FULID THERAPY/HR,EME,
FULL AT1,FULL DENTURE,DENTA,
FULL ATT,FULL ATTACHMENT+4 CROWN PORCELLIN,DENTA,
GAS,GASTRIC LAVAGE,EME,
GAST,GASTRECOTMY,OPEN,
GASTR,GASTRIC LAVAGE,PED,
GOLD,GOLD CROWN,DENTA,
GOU,GOUTER,OPEN,
HAEMOR,HAEMORRHOIDECTOMY,OPEN,
HALF,HALF ATTACHMENT+2CROWN PORCELLIN,DENTA,
HALF ATT,HALF ATTACHMENT+2CROWN DESIGN PORCELLIN,DENTA,
HALT,HALTER MONITORING /24 HR,INTER,
HAND,HAND X-RAY,RAD,
HBSP,HBS PATIENT HEMODIALYSIS,DIALY,
HCV HD,HCV HD CHARGES,DIALY,
HEM,HEMRIDITOMY,OPEN,
HEMRI,HEMRIDICTOMY,URO,
HER,HERONPLASTY,OPEN,
HERNI,HERNIORRHAPHY,OPEN,
HERO,HERONPLASTY,URO,
HIP,HIP JOINT X-RAY,RAD,
HIV HD,HIV HD,DIALY,
HSG,HSG X-RAY,RAD,
HUM,HUMERS X-RAY,RAD,
HYD,HYDROCEL,OPEN,
HYDA,HYDATID CYST OF LIVER,OPEN,
HYDRO,HYDROCEL,URO,
HYDROCEL,HYDROCELECTOMY,OPEN,
HYS,HYSTRECTOMY,URO,
ICU,ICU BED FEE/24HR,EME,
IM,IM INJECTION,EME,
IM IN,IM INJECTION,PED,
IMPLANT,IMPLANT CASE WITH CROWN PROCELIN,DENTA,
IMPLANT1,IMPLANT CASE WITH CROWN DESIGN PORCELIN,DENTA,
INC,INCUBATOR FOR 24/H,EME,
INCO,HYSTERECTOMY,GYN,
Insert,Insertion Of Implant,GYN,
INTESTI,INTESTINAL RESECTION AND ANASTOMOSIS,OPEN,
IU,PREVIOUS C/S DELIVERY,GYN,
IUD,POST-TERM DELIVERY,GYN,
IV,IV INJECTION,EME,
IV INJ,IV INJECTION/ IV CANNULA,EME,
IVC,IV CANULLA+SERUN+STAY,EME,
IVCA,IV CANNULA,EME,
IVF,IV FLUID,EME,
IVP,IVP X-RAY,RAD,
KIDNE,KIDNEY STONE,OPEN,
KNEE,KNEE JOINT X-RAY,RAD,
KUB,KUB X-RAY,RAD,
LAB C,LAB CHOLESTOECTOMY,URO,
LAC,ABRUPTIO PLACENTA,GYN,
LACE,PLACENTA PREVIA,GYN,
LAM,LAMENECTOMY DISCECTOMY MULTI LEVEL,NEURO,
LAME,LAMENECTOMY DISCECTOMY SINGLE LEVEL,NEURO,
LAP,LAPRAROMY,OPEN,
LAP AP,LAP APPENDICTOMY,URO,
LAP TU,LAP TUBLIGATION,URO,
LAPOR,LAPORATOMY,URO,
LAR,LARGE DRESSING WITH SUTURE,EME,
LEG,TIBAI&FIBULA X-RAY,RAD,
LIV,LIVER HYDATID CYST,URO,
LIVER,LIVER ABSCESS,OPEN,
LIVERD,LIVER DOPPLER,RAD,
LP,LP,PED,
LUM,LUMBER SPIN X-RAY,RAD,
MANDI,MANDIBULA X-RAY,RAD,
MAS,MASTOID X-RAY,RAD,
MASTEC,MASTECTOMY,OPEN,
MAY,POST-PARTUM HEMORHAGE,GYN,
MEN,MENINGOCELE,NEURO,
METAL,MONOPLAST,DENTA,
MEYA,MEYALO MENINGOCELE,NEURO,
MISS,ATONIA OF UTERUS,GYN,
MOLE,OVARIAN CYST,GYN,
MON,MONITORING,EME,
MONOB,MONOBLAST DENTUR,DENTA,
MUS,MUSCULO SKLETAL-ALL JOINTS,RAD,
MVD,MVD FOR TRIGEMINAL NEURALGIA SIMPLE,NEURO,
MVD F,MVD FOR TRIGEMINAL NEURALGIA COMPLEX,NEURO,
NASAL,NASAL BONE X-RAY,RAD,
NEB,NEBULIZATION,EME,
NEBUL,NEBULIZATION,PED,
NECK,NECK SOFT TISSUE,RAD,
NEON,NEONATAL RESUCITATION,PED,
NEONA,NEONATAL RESUCITATION,PED,
NEPHRECT,NEPHRECTOMY,OPEN,
NERO,NERO VASCULAR LESION,NEURO,
NEU,NEURO CONSULTATION(COMPLETE NEUROLOGICAL EXAM),NEURO,
NEWB,NEW BORN BED/FEE/24HR,PED,
NG,NG TUBE INSERTION,EME,
NOR,COMPLICATED DELIVERY,GYN,
NORM,NORMAL DELIVERY,GYN,
O2,O2 /HOUR,EME,
OESOP,OESOPHAGECTOMY,OPEN,
OIU,OIU FOR URETHRASTRICTURE,URO,
OM,OMP X-Ray,RAD,
OP,OPD+PROCEDURE,URO,
OPD,OPD,OPD,
OPD1,OPD,OPD,
OPD2,OPD,OPD,
OPE,CHOLESTECTOMY,OPEN,
OPEN,OPEN APPINDECTOMY,OPEN,
OPEN AP,APPANDICTOMY,URO,
OPEN CH,OPEN CHOLESTECTOMY,URO,
OPEN K,OPEN KIDNEY STONE,URO,
opt,Optic,ANE,
ORCH,ORCHIDECTOMY,OPEN,
ORCHI,ORCHIDECTOMY,URO,
ORCHID,ORCHIDECTOMY,OPEN,
ORTHO,ORTHODENCY,DENTA,
ORTHO CA,ORTHO USA CASE 2,DENTA,
ORTHO US,PARTIAL PER UNIT,DENTA,
OT,OT,IPD,
OUT P,OUT PATION IV CANULLA,EME,
OXY,OXYGEN/MINUATE,EME,
OXYG,OXYGEN THERAPY/HR,PED,
PALEU,PLEURAL TAP,PED,
PALIS,BLEECHING,DENTA,
PARO,AB.PERVIC TESTES,RAD,
PCNL,PCNL FOR KIDNY STONE,URO,
PEDIA,PEDIATRIC BED/FEE/24 HR,PED,
PELV,PELVIC,RAD,
PELVIS,PELVIS X-RAY,RAD,
PEPTIC,PEPTIC PERFORATION,OPEN,
PERI,PERITONEAL TAP,PED,
PERICAR,PERICARDIOCENTESIS,INTER,
PFT,P.F.T,RAD,
PHY1,PHYSIOTRAPY FOR 1 DAY,PHYS,
PHY10,PHYSIOTRAPY FOR 10 DAYS,PHYS,
PHY2,PHYSIOTRAPY FOR 2 DAYS,PHYS,
PHY3,PHYSIOTRAPY FOR 3 DAYS,PHYS,
PHY4,PHYSIOTRAPY FOR 4 DAYS,PHYS,
PHY5,PHYSIOTRAPY FOR 5 DAYS,PHYS,
PHY6,PHYSIOTRAPY FOR 6 DAYS,PHYS,
PHY7,PHYSIOTRAPY FOR 7 DAYS,PHYS,
PHY8,PHYSIOTRAPY FOR 8 DAYS,PHYS,
PHY9,PHYSIOTRAPY FOR 9 DAYS,PHYS,
PLE,PLEURA TAB,EME,
PLEUR,PLEURAL TAB,INTER,
PLEURA,PLEURAL TAB,INTER,
POR,BREST DOPPLER,RAD,
PORC,PROCELLIN PER UNIT,DENTA,
PORCE,STEEL COVER PER UNIT,DENTA,
POST,POST FOSSA TUMORS,NEURO,
PROCE,PROCEDURE DJ STENT REMOVE,URO,
PROCED,PROCEDURE STENT,URO,
PROGO,PRO-GOLD PER UNIT,DENTA,
PROSTA,PROSTATECTOMY,OPEN,
PYEL,PYELOPLASTY,URO,
R.C.T MT,REMAKING OF DENTURE,DENTA,
R.C.T+FI,R.C.T+FILLING BY COMPOSIT,DENTA,
R202,ROOM 202,IPD,
R203,ROOM 203,IPD,
R204,ICU ROOM 204,IPD,
R205,ROOM 205,IPD,
R206,ROOM 206,IPD,
R207,ROOM 207,IPD,
R208,VIP ROOM 2,IPD,
R301,VIP ROOM 1,IPD,
R302,ROOM 302,IPD,
R306,RECOVERY ROOM(GYN) 306,IPD,
R401,ROOM 401,IPD,
R402,ROOM 402,IPD,
R403,ROOM 403,IPD,
R404,ROOM 404,IPD,
R405,VIP ROOM 3,IPD,
R502,ROOM(PED) 502,IPD,
R503,ROOM(PED) 503,IPD,
R504,ROOM(PED) 504,IPD,
R506,ROOM(PED) 506,IPD,
R508,NURSARY ROOM(PED) 508,IPD,
Remo,Remove Of IUCD,GYN,
Remove,Remove Of Implant,GYN,
REN,RENAL (KIDNEY) DOPPLER,RAD,
RETENOR,RETENOR,DENTA,
RIGHT,RIGHT HEMICOLECTOMY,OPEN,
ROU,ROUTIN DIALYSIS,DIALY,
s11,Nilab,GYN,
SAP,SPINAL FENESTRATION,NEURO,
SC,SC INJECTION,EME,
SCAL,SCALLING,DENTA,
SER,SERUM INFUSION,EME,
SERUM,SERUM INFUSION,PED,
SHOUL,AP X-RAY,RAD,
SIM,SIMPLE DRESSING,EME,
SIMP,SYNOSE X-RAY,RAD,
SING,SINGMOIDONCOPY,ENDO,
SKUL,SKULL TUMOR,NEURO,
SKULL,AP-Lat- X-RAY,RAD,
SMAL,DRESSING,EME,
SPEC,SPECIAL EXAMINATION,RAD,
SPIN,SPINAL STENOSIS SINGLE LEVEL,NEURO,
SPINA,SPINAL STENOSIS MULTI LEVEL,NEURO,
SPINAL,SPINAL STENOSIS COMPLECATED,NEURO,
SPINAL I,SPINAL INSTRUMENTATIONS AND FIXATIONS,NEURO,
SPINAL T,SPINAL TUMOR,NEURO,
SPL,SPLEENECTOMY,URO,
SPLENECO,SPLENECOTMY,OPEN,
STE,STERNUM,RAD,
STO,STOMACH LAVAGE,EME,
STRES,STRESS ECHO.,INTER,
SUB,SUB DURAL HYGROMA,NEURO,
SUB D,SUB DURAL EYMPYMA,NEURO,
SUB DU,SUB DURAL HEMATOMA,NEURO,
SUP,SUPRA TENTORIAL MENINGIOMA,NEURO,
SUT,SUTURE REMOVE,EME,
TEMP,TEMPORARY FILLING,DENTA,
TES,AB.TESTES,RAD,
TESTI,TESTICLE DOPPLER,RAD,
TESTIS,TESTIS,RAD,
TETH,TETHERED CORD SYNDROME,NEURO,
THOR,THORACIC SPIN X-RAY,RAD,
THYR,THYRID,RAD,
THYROD,THYROIDECTOMY,OPEN,
THYROI,THYROID DOPPLER,RAD,
TRAN,TRAN THORACIC ECHO,INTER,
TRANS,TRANSESOPHAGEAL ECHO.TEE,INTER,
TRYR,AB.PERVIC THYROID,RAD,
TUBE,TUBE LIGATION,GYN,
TURB,TURB FOR BLADDER TUMOR,URO,
TURP,TURP FOR PROSTAT,URO,
U1,DOPPLER U/S,RAD,
U2,ECHO (ADULT),RAD,
U3,ECHO (PEDIATRIC),RAD,
U4,SCROTAL,RAD,
U5,SCROLAP COLOR DOPPLER,RAD,
U6,TCD,RAD,
U7,PAROTIT,RAD,
UCU,UCULAR DOPPLER,RAD,
ULTR,ULTRASOUND,RAD,
UPP,UPPER AND LOWER LIMB DOPPLER,RAD,
URE,URETAR REMIPLATATION,URO,
URETER,URETEROLITHOTOMY,OPEN,
URS,URS,URO,
VERC,VARICOCELECTOMY,OPEN,
VERCO,VERCOCELECTOMY,URO,
VIP,VIP BED FEE/24HR,INTER,
VIS,VISIT,OPD,
WARD,WARD BED FEE/24HR,INTER,
WISDOM,WISDOM TOOTH EXT,DENTA,
WRIST,WRIST X-RAY,RAD,
ZARCON,ZARCONIUM,DENTA,
