code,name
360,360/MM,Cotix
A,Aquamox-125(Amoxicillin),125mg,Susp
A--z,A-zit/Azithromycin,500mg,Tab
Abdome,Abdome(Domperidone),1mg,Drop
Ace,Acepreg-plus/Preag+Meca
Actu,Actual(Artificial,tears),Drop
Add,Addranil/Methylphenidate,10mg,Tab
Adel,Adelflor(Probiotic),Sachet
Aden,Adenosine,6mg,Amp
Afd,Afdol/,memantine,10mg,Tab
Agi,Agifen/,Ketotifen,SYP,1mg
AGif,AGifen(Ketotifen),Syrup
Agip,Agipcin/Azithromycin,200mg,Syp
Agipc,Agipcin/Azithromycin,500mg,Tab
Airy,Airy(Mantelukast),4mg,Sachets
Al,Ras,AL,Rashid
Alf,Alfa-wel/Alfacalcidol,0.5mcg,Tab
Alid,Alides/Desloratadine,5mg,Tab
Alovi,Alovir(Aciclovir),5g,Cream
Alpr,Alprazolam,Irani,0.5,Tab
Alpra,Alprazolam,0.5mg,Tab
Amc,Amclav/Co-Amoxiclav,375mg,Tab
Amcl,Amclav/Co-Amoxiclav,625mg,Tab
Amcla,Amclav/Co-Amoxiclav,625mg,Tab
Ami,Aminovel,600mg
Amo,Amoxi-Clav(Amoxicillin+Clavulanic,Acid),375mg,Tab
Amp,Ampimod/Ampicilin,1g,Vil
Ampe,Ampeur/Pure,Ampicillin,1g,Vil
Ampi,Ampicillin,Inj,500
Ancl,Anclav-625(Amoxicillin+Clavulanate),Tab
And,Andrex/Testosterone,40mg,Cap
Anep,Anepro/Metoprolol,25mg,Tab
Angised,Angised(glyceryl,trinitrate),0.5mg,Tab
Anp,Anpra(Alprazolam),0.25mg,Tab
Anpra,Anpra(Alprazolam),0.5mg,Tab
Anta,Antacid(Alumina.Magnesia.Simethicone),Susp
Anx,Anxie(Sertraline),50mg,Tab
Anxie,Anxie(Sertraline),100mg,Tab
Apa,Apase/Combinde,Tab
Aqu,Aqualine/Hypertonic,Nasal,Spr
Ari,Arinac/Ibuprofen/Pseu,100mg/15mg,Syp
ASD,ASD/Rotacap
asth,Asthotifen(Ketotifen),Syrup
Atchol-F,Atchol-F(Atorvastatin+Fenofibrate),10/160,Tab
Ato,Atoksilin/Amoxicillin,1G,Tab
Atoks,Atoksilin/Amoxicillin,250mg,SYP
Avi,Avil,pheniramine,22.7mg,Inj
Avim,Avimox(Amoxicillin),250mg,Susp
Axo,Axofen/Fexofenadine,120mg,Tab
Azin,Azinon/Azithromycin,500mg,Tab
Azo,Azogen/Azithromycin,200mg,Syp
B,Bright,Nystat(Nystatin),Drops
Ban,Bandage/,mideam
Band,Bandage/,Small
Banda,Bandage/,Larg
Bangcl,Bangclovir-400(Acyclovir),400mg,Tab
Banz,Banzapine-5(Olanzapine),5mg,Tab
Banza,Banzapine/Olanzapine,10mg,Tab
Banzo,Banzole-TZ(Tinidazole),500mg
Ben,Benaquin/Chloroquine,250mg,Tab
Bep,Bepsar(Losartan,Potassium),50mg,Tab
Bio,Biotin/5mg,Inj
Biol,Biolac(Pre-Probiotic),Cap
Biola,Biolac/Probiotic,Cap
Biov,Biovas/Combinde,Cap
Bla,Blades
Bli,Bliss(Escitalopram),15mg,Tab
Blus,Blush-S(Iron,susroe,complex),Amp
Bon,Bonjilla/Combinde,10g,Gel
Bone,Bone-Care/Alfacalcidol,0,5,ug,Tab
Bos,Boss,Baby
Br,Bright,Fen,DS(Ibuprofen),200mg,Susp
Brain,BrainOne,Drops
Brigh,Bright,Nisolone(Prednisolone),5mg,Syrup
Bright,Bright-Lactulose(Lactulose),Syrup
Bro,bromalex/Bromazepam,3mg,Tab
Bron,Bronolac(Ambroxol),30mg/5ml,Syrup
Bruf,Brufen(Ibuprofen),400mg,Tab
Bu,Butrin,XL(Bupropion),150mg,Tab
Bud,Budecort(Budesonide),0.5mg,Susp
Buspir,Buspirax(Buspirone),5mg,Tab
buz,Buzon/Risperidone,1mg,Tab
Buzo,Buzon/Risperidone,2mg,Tab
C,Cetee(Cetirizine),10mg,Tab
CALA,Calamox/Co-amoxiclav,1.2g,Vil
Calan,Calan/Verapamil,240mg,Tab
Calan,V,Calan/Verapamil,80mg,Tab
Calanv,Calan/Verapamil,40mg,Tab
Calc,Calcimax+Cal/zinc/D3,SYP
Calcee,Calcee,Pow
Calci,Calcidin/calcium,Tab500mg
Cap,Capcidol,0.075%,Cer
Capto,Captopril(Captopril),25mg,Tab
Cardn,Cardnit(Nitroglycerin),2.6mg,Tab
Cardo,Cardon(Losartan,potassium),25mg,Tab
Cardon,Cardon(Losartan,potassium),50mg,Tab
Cardop,Cardoplus,50(Losartan+Hydrochlorothiazide),Tab
Caro,Carodek/Cranberry,vit,C,Sach
CDK,CDK/Combind
Cee,Cee,Goss/Cefixime,400mg,Tab
Cef,Ceftriace1/ceftriaxone,1g,Vil
Cefa,Cefacoast/Ceftriaxone,500mg,Vil
Cefi,cefixime,400mg,Tab
Cefig,Cefiget/Cefixime,100mg,Syp
Cefo,Cefocoast/cefotaxime,1g,Vil
Cefob,Cefobact(Cefoperazone+Sulbac),2gm,Vail
Cel,Celbex/Celecoxib,200mg,Cap
Cele,Celenon/Celecoxib,200mg,Cap
Cerb,Cerbilep(Topiramate),25mg,Tab
Cere,Ceremin/piracetam,400mg,Tab
Cerol,Cerol(Omeprazole),20mg,Cap
Cet,Ceten/Cetirzine,10mg,Tab
Che,Chestone/,INHALER
Chy,chymoral,Forte/trypsin
Ci,Ciproxin(Ciprofloxacin),250mg,Tab
Cic,Cicatrin/Neomycin/zinc,20g,Pow
Cil,Cilapen/Impenem,500mg,Vil
Cim,Cimet/Cimetidine,400mg,Tab
Cip,Cipesta/ciprofloxacin,Inf,200mg
Cipe,Cipesta/Ciprofloxacin,Inf,400mg
Cipr,Ciproxin/Ciprofloxacin,500mg,Tab
Cipro,Ciproxent/Ciprofloxacin,500mg,Tab
Ciprof,Ciprofloxacine,SYp,250mh
Ciprol,Ciprolox/,Ciprofloxacin,Syp,125Mg
Cit,Citralka/HydrogenCitrate,LIQ,150ml
Cita,Citanew/Escitalopram,5mg,Tab
citan,Citanew,(Escitalopram),20mg,Tab
Cl,Clexane(Enoxaparin),60mg,Inj
Clarit,Claritek(Clarithromycin),250mg,Sryp
Clex,Clexane,Enoxaparin,0.6ml
Clind,Clind-Aura(Clindamycin),300mg,Cap
Clo,Clop-75/Clopidogrel,75mg,Tab
Clof,Clofol(Folic,Acid),5mg,Tab
Clom,Clomipramine,10mg
Clomi,Clomitab(Clomifene),50mg,Tab
Clomi-50,Clomi-50(Clomifene),50mg,Tab
Clomip,Clomipramine,10mg,Tab
Clomipr,Clomipril(Clomipramine),25mg,Tab
Clomipra,Clomipramine,10mg,Tab
Clomit,Clomitab(Clomifene),50mg,Tab
Cloro,Cloron(Clonazepam),2mg,Tab
co,ez,Co,Eziday,TAB
Co-,Co-Extor/Amlo/Val/Hydro,5mg,Tab
Co-A,Co-Amoxiclav,625
Co-Am,Co-Amoxiclav/Amoxicilin+Clavun,625mg,Tab
Co-Amoxi,Co-Amoxiclav/1000mg
Co-Dep,Co-Depricap(Olanzapine+Fluoxetine),3.25mg,Cap
Co-Depri,Co-Depricap(Olanzapine+Fluoxetine),6+25mg,Cap
Co-E,Co-Extor/Amlo/Val/Hydro,10mg,Tab
Co-T,Co-Telsan/Telmisartan,40/12.5,Tab
Co-Tri,Co-Trimoxazole,Tab
Co-V,Co-Valtec/Valsartan+Hydro,160/12.5mg,Tab
Cob,Cobal/Mecobalamin,500mcg,Tab
Cof,Cofif/Hedera,helix,70mg,Syp
Cofc,Cofcol,Elixir
Cofe,Coferb,Plus/120ml,Syp
Cofif,Cofif,Cough,Syrup,120ml
col,Clomfranil,Clomipramine,10mg,Tab
cold,ColdRub
Colg,Colgate/Toothcreem,77g
Colic,Colic(Combend),Drops
Colq,Colgate,maxfresh
Com,Combivair/combined,400mg,Cap
comf,Comfrey,Adult,Diapers
Comi,Comin(Mecobalamin),500mcg,Tab
Corti,Cortisol(Hydrocortisone),Vial
Cot,Co-Telsan/,Telmi/Hydro,80/12.5,Tab
Cota,Cotasmi/Telmisartan+Hydrochlorthiazide,40mg/12,5mg
Cov,Co-Valtec/Val/hyd,80/12.5,Tab
Crab,Crab,Power(Sildenafil+Dapoxetine+Diclofenac),Cap
Cran,Cran,Max/Cranberry,Pow
Cranhe,Cranheal,Sachets
Cyro,Cyrocin(Ciprofloacin),500mg,Tab
D,Dapoxilar-60(Dapoxetine),60mg,Tab
D-Z,D-Zak(Vitamin,D3),50,000I.U,Cap
Dal,Dalacin,C/Clindamycin,300mg,Cap
Dan-,Dan-D(Cholecalciferol),200.000IU,Amp
Dap,Daplyza-M(Dapagliflozin+Metformin),5mg+1000mg,Tab
Dapl,Daplyza-M(Dapagliflozin+Metformin),5mg+850mg,Tab
Dapox,Dapoxilar-30(Dapoxetine),30mg,Tab
De,Deprex(Olanzapine),10mg,Tab
Deg,Degra(Sildenafil),50mg,Tab
Dep,Depsit/Escitalopram,20mg,Tab
Depe,Depexin(Fluoxetine),20mg,Cap
Deps,Depsit/Escitalopram,5mg,Tab
Det,Dettol/Soap
Dev,Devenda/Levetiracetam,500mg,Tab
dex,Dextrose,25%,Inj
Dext,Dextor(Dexamethasone),0,5mg,Tab
Diap,Diapers/Larg
Die,Diecold,Rub
Dio,DioPlus/Amlo+Vals,5/80mg,Tab
Diop,Dio,Plus/Amlo/Vals,10/160mg,Tab
Diso,Disolar(Desloratadine),5mg,Tab
Div,Divalpro/Divalproex,250mg,Tab
Diva,Divalpro/Divalproex,500mg,Tab
Doba,Dobalta/Duloxetine,Cap,20mg
Dol,Dolmen/Duloxetine,30Mg,Tab
Domi,Domista/Domperidone,Drop
Don,Donep,(Donepezil),10mg,Tab
Donep,Donep(Donepezil),5mg,Tab
Doxyc,Doxycycline,100mg,Tab
Doxyn,Doxyn(Doxycycline),100mg,Cap
Dres,Dressing/Palster
Dsp,Dspa/Drotaverine,40mg,Amp
Dulan,Dulan(Duloxetine),30mg,Cap
Dule,Dulexin/Duloxetine,30mg,Tab
Dus,Dustalosine/Dutasteride+Tamsulosin
Efe,Efectal/Ceftriaxone,1G,Vil
Eme,Emeset,Ondansetron,4ml,Inj
Ent,Entamizole-DS/Diloxanide,Metr,500/400mg,Tab
Entam,Entamizole,DS/Diloxanide+Metronidazole
Entaz,Entazel-D/Rabeprazole/Domperidon,Cap
Epit,Epitira/Levetiracetam,500mg,Tab
Esc,Escerol/Esomeprazol,40mg,Vil
Est,Estra/Escitalopram,10mg,Tab
Etir,Etirich/Melatonin,5mg,Tab
Evion,Evion(Vitamin,E),400mg,Cap
Exc,Exceco/Escitalopram,10Mg,Tab
Exi,Eximinth,plus/Albendazole,Syp,200mg
Exozin,Exozin/Zinc,Sulfate,20mg,SYP
Exv,Exval-A/Amlodipine/Vals,10/160,Tab
Falraf,Falraf(Pregabalin),75mg,Cap
Fam,Famot/,Famotidine,SYP,10mg
FAMO,Famotidin/Syp,10mg
Famot,Famotidine,40mg,Tab
Famot4,Famot/Famotidine,40mg,Tab
Fexe,Fexet/Fexofenadine,60mg,Tab
Fin,Fingar,Plaster
Firo,FIROOZ,Shampoo
Fit,Fitvit/Multi,vitamin,Tab
fl,Floxxi(Fluoxetine),20mg,Cap
FLA,Flagyl/metronidazole/500mg/inf
Floey,Foley,Catheter,16
Flu,Flumazenil/0.5mg,Inj
Fluco,Flucolar-150(Fluconazole),Cap
Flumazen,Flumazenil,0.5mg,Amp
Foley,B,Foley,Catheter
For,Fort-Max/combined,Cap,
Gaba,Gaba(Gabapentin),300mg,Cap
Gals,Galsit(Sitagliptin),50mg,Tab
Gastro,Gastro-D/Rabeprazol+Domperidone,20mg,Cap
Gau,Guaze,Pad
gavi,Gavimax(Levetiraxetam),500mg,Tab
Ge,Getryl/Glimepiride,1mg,Tab
Gel,Gelofusine,500ml,Ser
gen,Genesis(Gliclazide),30mg,Tab
Genesi,Genesis/Gliclazide,60mg,Tab
Geox,Geoxit,/fluoxetine/20mg,cap
Get,Getryl/Glimepiride,2mg,Tab
Geto,Getofin(Ceftriaxone),1g,Vail
Getof,Getofin/Ceftriaxone,500mg,Vil
Getr,Getryl/Glimepiride,3mg,Tab
Getry,Getryl/Glimepiride,4mg,Tab
Glo,Gloves/7.5
Glu,Glucophage/Metformin,1G,Tab
Gluco,Glucophage(Metformin),1g,Tab
Gly,Glycon-M/Sita+Metf,50/500mg,Tab
Glyt,Glytec-M(Sitagliptin+Metformin),50mg/500mg,Tab
Glytec,Glytec-M(Sitagliptin+Metformin),50mg/1000mg,Tab
Glyz,Glyzia/Sitagliptin/Metformin,50/500mg,Tab
Gom,Gomen/Combined,Tab
Gon,Gonadotrophin/5000,IU,Inj
Goois,Gooiscan
Gour,Gouric/Febuxostat,40mg,Tab
Gri,Gripe,Water/Syp,combin
GTN,Fort,GTN,Forte
Gvia,Gvia-M/Sitaglptin+Metformin,50/500,Tab
H,HEMO-B,Plus,Syrup
H2F,H2F(Famotidine),20mg,Tab
Hag,Hagimox/Amoxicilin,250mg,Cap
Hagi,Hagimox(Amoxicillin),250mg,Cap
Halo,Haloperidol,0.5,Tab
Haloperi,Haloperidol,5mg,Amp
Haltide,Halide,HFA(Salbutamol+Beclometasone),Inhaler
Hel,Helen/Fluoxetine,20mg,Cap
Herb,herbesser/Diltiazem,90mg,Tab
Hexi,Hexidyl/Trihexyphenidyl,2MG,Tab
Hig,Highgrow(Ketoconazole+Zinc),Shampoo
Hydr,Hydroderm/Gel,150g
Hydrog,Hydrogen,Peroxide
Hydroz,Hydrozole/Hydrocortisone,1%,Cre
Hytrin,Hytrin(Terazosin,Hydrochloride),2mg,Tab
Ind,Indmethacin,25mg,Cap
Inf,Infusion,Set
Infex,Infexin/Cephradin,500mg,Cap
ins,Insulin,Syringe,100u
Ipri,Ipride,SR/Itopride,150mg,Tab
IQ,IQ,Gold/Combinde,Syp
Iso,Isotonic/,Nasal,Relif,Spray
Itp,ITP/itopride,50mg,Tab
ITP,i,ITP,OD(Itopride),150mg,Tab
Iv,P,Iv/Plaster
Jen,Jentin,Met/Sitagliptin/Metformin,50/500,Tab
Joh,Johnsoni/,Baby,jelly
Johar,Johar,Joshanda
Jui,Juice,ORS
K,Kitpain(Ketorolac),30mg,Amp
K-k,K-kort/Triamcinolone,40mg,inj
Kar,Karis/Glycerin,Cream
Keep,Keep,Healthy
Ket,Ketopal/Ketoconazole,2%,Shampoo
Kin,KING,POWER,TAB
King,King,Power(Sildenafil+Dapoxetine),Tab
Kip,D,Kip,Drymin,Syrup
Kle,Kleen,Enema/COMBINED,Losh
Kor,Korzin/Serratiopeptidase,5mg,Tab
Kuf,Kufdri,(Expectorant,Cough),Syrup
L,Levobrax(Levosulpiride),50mg,Tab
La,Lamitor(Lamotriginr),25mg,Tab
Lab,Labetalol,50mg/10ml,Inj
Labo,Labo-Spas(Drotaverine),40mg,Tab
Lami,Lamitor(Lamotrigine),50mg,Tab
Lan,Lanoxin/Digoxin,0.25mg,Tab
Larg,Largopen/Amoxicillin,125mg,SYP
Largo,Largopen/Amoxicillin,250mg,SYP
Lasi,Lasix/Furosemide,40mg,Tab
Le,Levopiride(Levosulpiride),50mg,Tab
Ledaf,Ledaflor,10mg,Drops
Ledal,Ledalur,250ml,Syp
Leos,Leos(Levosulpiride),50mg,Tab
Leps,Lepsi/Levetiracetam,1000mg,Solu
Lev,Levomerc/Levofloxacin,250mg,Tab
Leve,Levegetam-500(Levetiracetam),500mg,Tab
Levet,Levetafine/Levetiracetam,500mg,Tab
levor,Levoride(Levosulpride),50mg,Tab
Levox,Levoxinr(Levothyroxine),100mcg,Tab
Lido,Lidosporin,Ear,Drops
Lil,Lilac(Lactulose),120ml,Syrup
Lipg,Lip,Guard
Lipi,Lipiget(Atorvastatin),20mg,Tab
Liz,Lizolix/linezolid,600mg,Tab
Lo,Lo-aram,Lorazepam,2mg,Tab
Lo-A,Lo-Aram/Lorazepam,2mg,Tab
Lok,Loko/plaster,7.5
loko,Loko/Plaster,2.5cm
Long,Long,Last(Sildenafil),100mg,Tab
Lor,Lorgy/Loratadine,10mg,Tab
Lora,Lorazepam,2mg,Tan
Loraz,Lorazepam,1mg,Tab
Lul,lulla,Baby/Diapers
Lys,lysovit/B-Comp/Vit,C,120ml,Syp
Lzid,Lzid(Linezolid),600mg,Tab
M,Moxvid-500(Amoxycillin),500mg,Cap
M00001,Real-Vit,(Multivitamins),/,Syp
M00002,Cofaid-D/,Syp
M00003,Focin,(Fosfomycin),250mg/,Syp
M00004,Urocran,(Cranberry),/,250mg/,Sach
M00005,Ulsanic,(Sucralfate),1g/,Syp
M00006,Trimetabol/,Syp
M00007,Novidat,(Ciprofloxacin),400mg/,Inf
M00008,Novidat,(Ciprofloxacin),200mg/,Inf
M00009,Neurozin,(Multiglycerophosphate),/,Syp
M0001,DELTACORTRIL,TAB
M00010,Multiglycerophosphate/,Syp
M00011,Neutrix,(Multiglycerophophate),/Syp
M00012,Urofast,/Syp
M00013,Nefrolit,100mg/,Syp
M00014,Kidfow,100mg/,Syp
M00015,Neuro,Nerve,(Ginkobiloba+B,Complx),/,Syp
M00016,Tres-Orix,Forte,/Syp
M00017,Fairodoll/,Syp
M00018,Vidaylin/,Syp
M00019,Vidaylin,L/,Syp
M00020,Motilium,(Dompridone),1mg/,Syp
M00021,Duphalac,(Lactolose),66.7%/Syp
M00022,Gastracid,/,SYP
M00023,Pepsil/,Syp
M00024,Iberet/,Syp
M00025,Spaslar,P(Hosin),5mg/,Syp
M00026,Steron(Prednisolne),15mg/,Syp
M00027,Flagyl(Metrandazole),200mg/,Syp
M00028,Metodine/,Syp
M00029,Moxilium(Amoxycillin),125mg/,Syp
M00030,Moxilium(Amoxycillin),250mg/,Syp
M00031,Monteur(Montelukast+Levocetirizine),4/2.5mg,Syp
M00032,Ond(Ondansetron),4mg/,Syp
M00033,Sanaflu/,Syp
M00034,Zetro(Azithromycin),200mg/,Syp
M00035,Brufen(Ibuprofen),100mg/,Syp
M00036,Brufen(Ibuprofen),200mg/,Syp
M00037,Pedifen(Ibuprofen),100mg/,Syp
M00038,Total,Vit(Multivitamins),/,Syp
M00039,Total,Vit,Junior(Multivitamins),/,Syp
M00040,Voren(Diclofenac),75mg
M00041,Amclav(Co-Amoxiclav),156mg/,Syp
M00042,Curecef(Cefixime),200mg/,Syp
M00043,Amclav,DS(Co-Amoxiclav),312.5mg/,Syp
M00044,Curecef(Cefixime),100mg/,Syp
M00045,Cefiget,DS(Cefixime),200mg/,Syp
M00046,Novidat(Ciprofloxacin),125mg/,Syp
M00047,Novidat(Ciprofloxacin),250mg/,Syp
M00048,Infixiin(Cephradin),125mg/,Syp
M00049,Infixiin(Cephradin),250mg/,Syp
M00050,Disprin(Aspirin),Tab
M00051,Parol(Paractamol),120mg/,Syp
M00052,Calpol(Paractamol),120mg/,Syp
M00053,Zinc/,Syp
M00054,OBH,Plus/,Syp
M00055,Milak,oF,Magnasiam,160mg/,Syp
M00056,Keflex(Cehalexin),125mg/,Syp
M00057,Keflex(Cehalexin),250mg/,Syp
M00058,Lorgy(Lortadine),5mg/,Syp
M00059,Cetri(Cetrizine),5mg/,Syp
M00060,Mosegor(Pizotnen),0.25mg/,Syp
M00061,F,Tone(Phenobarbitone),20mg/,Syp
M00062,Kidflow,30ml/,Drop
M00063,Sabal,Serr,30ml/,Drop
M00064,Nefrolit,B,30ml/,Drop
M00065,Yohimbinum,30kml/,Drop
M00066,Rigix(Cetrizine),5mg/,Syp
M00067,Grucid(Omeprazole),Cap
M00068,Vermox(Mebendazole),/,Syp
M00069,Zental(Albendazole),/,Syp
M00070,Actidil(Trirolidine),1.25mg/,Syp
M00071,Ariadry(Dipenhydramine),/,Syp
M00072,Septran,DS(Co-trimoxazole),80/400mg/,Syp
M00073,Cosom/,Syp
M00074,Cosom,E/,Syp
M00075,Corex,D/,Syp
M00076,Hydryilin/,Syp
M00077,Mucine/,Syp
M00078,Cremaffin/,Syp
M00079,Gaviscan/,Syp
M00080,Gravinate(Dimenhydriate),12.5mg/,Syp
M00081,Listamine,15%/,Sol
M00082,Fexet,D,60/120mg/,Tab
M00083,Melatonin,3mg/,Tab
M00084,Paroxogen(Paroxetine),20mg/,Tab
M00085,Acylex(Aclalovir),800mg/,Tab
M00086,Nerovon(Mecobalamin),500mcg/,Tab
M00087,Fifex(Fexofenadine),60mg/,Tab
M00088,Ytig,Plus/,Tab
M00089,Clomfranil(Clomipramine),10mg/,Tab
M00090,Leedoz(Levonorgestrel),/,Tab
M00091,Depex(Fluoxetine),/,Tab
M00092,Clomfranil(Clomipramine),25mg/,Tab
M00093,Imipramine,25mg/,Tab
M00094,Olanzia(Olanzapine),5mg/,Tab
M00095,Sensival(Nortriptyline),25mg/,Tab
M00096,Busron(Buspirone),5mg/,Tab
M00097,Cyproheptadine,4mg/,Tab
M00098,Limigzol(Zolmitriptan),2.5mg/,Tab
M00099,Imipramine,10mg/,Tab
M00100,Tegral(Carbamazepine),200mg/,Tab
M00101,Phenobarbital,100mg/,Tab
M00102,Depoxevis(Dapoxetine),30mg/,Tab
M00103,Tryptanol(Amitriptyline),25mg/,Tab
M00104,Amitriptyline10mg/,Tab
M00105,Amitriptyline25mg/,Tab
M00106,Avonum(Promethazine),/,Tab
M00107,Librax(Chlordiazepoxide+Clidinium),/,Tab
M00108,Tenaxit(Flupentixol+Melitracen),05/10mg/,Tab
M00109,Paromax,CR(Paroxetine),12.5mg/,Tab
M00110,Prothiaden(Dosulepin),25mg/,Tab
M00111,Prothiaden(Dosulepin),75mg/,Tab
M00112,Inderal(Propranolol),40mg/,Tab
M00113,Inderal(Propranolol),10mg/,Tab
M00114,Seroft(Sertraline),50mg/,Tab
M00115,Seroft(Sertraline),100mg/,Tab
M00116,Qusel(Quetiapine),25mg/,Tab
M00117,Epival(Divalproex,sodium),250mg/,Tab
M00118,Epival(Divalproex,sodium),500mg/,Tab
M00119,Napsum(sumatriptan+Naproxen),80/500mg/,Tab
M00120,Prolexa(Escitalopram),10mg/,Tab
M00121,Olanzia(Olanzapine),5mg/,Tab
M00122,Olanzia(Olanzapine),10mg/,Tab
M00123,Dulan(Duloxetine),20mg/,Cap
M00124,Cetralex(Sertraline),50mg/,Tab
M00125,Cetralex(Sertraline),100mg/,Tab
M00126,Pequit(Quetiapine),25mg/,Tab
M00127,Ventolin(Sailbutamol+Guaiphenesin),/,Syp
M00128,Ventolin(Sailbutamol),/,Syp
M00129,Jetepar(Detoxicating,agent),/,Syp
M00130,Pulmonol/,Syp
M00131,Hepa,Merz/,Syp
M00132,Evion(Vitamin,E),600mg,Cap
M00133,Evion(Vitamin,E),200mg,Cap
M00134,Skinwell/,Tab
M00135,Clomace(Clomifene),50mg/,Tab
M00136,Real-Vit,(Multivitamins),/,Tab
M00137,Maxna(Tranexamic,Acid),500mg/,Tab
M00138,Ovacare/,Tab
M00139,Navidoxine(Meclizine+B6),/,Tab
M00140,Vitamin,B6/,Tab
M00141,Calcium,Carbonate/,Tab
M00142,Mosegor(Pizotnen),0.25mg/,Tab
M00143,Prequin(Conjugate,Estrogens),0.625mg/,Tab
M00144,Brotin(Bromocriptine),/,Tab
M00145,Flu-con(Fluconazole),150mg/,Cap
M00146,Diane,35/,Tab
M00147,Ferfolic/,Cap
M00148,Multibionta(Multivitamins),/,Cap
M00149,Sangobion/,Cap
M00150,Ovocept-LD(Contraceptive),/,Tab
M00151,Osteocare/,Tab
M00152,Ferfix-FA/,Tab
M00153,Duphaston(Dydrogesterone),10mg/,Tab
M00154,Vivioptal/,Cap
M00155,Momfolic(L-Methul,Folate),/,Tab
M00156,Zinc,Sulphate,20mg/,Tab
M00157,Surbex,Z,Tab
M00158,Folic,Acid/,Tab
M00159,Flagyl(Metrandazole),400mg/,Tab
M00160,Ansaid(Flurbiprofen),100mg,Tab
M00161,Vitamin,A,5000IU/,Cap
M00162,Calcimax,Forte/,Tab
M00163,Omega3/,Cap
M00164,Cabersen(Cabergoline),0.5/,Tab
M00165,Spinster(Misoprostol),200mg/,Tab
M00166,Calcimax,OP/,Tab
M00167,Folic(Folic,Acid),5mg/,Tab
M00168,Vitamin,C,Amp
M00169,Decadron,Inj
M00170,Repramol(Paracetamol),750mg,Inj
M00171,Omni/,Tab
M00172,Trihemic,600mg/,Tab
M00173,Fefol,Vit/,Cap
M00174,Zyloric(Allopurinol),300g/,Tab
M00175,Plicamol(Paracetamol),150mg,Inj
M00176,Phenazomex(Phenazopyridine),100mg/,Tab
M00177,Abnil(Orlistat),120mg/,Tab
M00178,Arinac(Ibuprofen+Pseuoephedrinr),400mg/,Tab
M00179,Arinac(Ibuprofen+Pseuoephedrinr),200mg/,Tab
M00180,Mits(Meloxicam),15mg/,Tab
M00181,Musidin(Tinizidine),4mg/,Tab
M00182,Cytopan(Diclofenac+Misoprostol),50mg/,Tab
M00183,Solifen(Solifenacin),10mg/,Tab
M00184,Solifen(Solifenacin),5mg/,Tab
M00185,Urocan(Flavoxate),100mg/,Tab
M00186,Urocan(Flavoxate),200mg/,Tab
M00187,Dynalip,PT/,Tab
M00188,Contiflo(Tamsulosin),0.4mg/,Cap
M00189,Silorap(Silodosin),8mg/,Cap
M00190,Gabix(Gabapentin),100mg/,Cap
M00191,Gabix(Gabapentin),300mg/,Cap
M00192,Dobalta(Duloxitin),30mg/,Cap
M00193,Pgap-MB(Pregabalin+Methylcobalamin),75/500mg,Tab
M00194,Ricknil(Alfacacidol),0.5/,Tab
M00195,Maxflo,D(Dutasteride+Tamsulosin),/,Cap
M00196,Calbex(Celecoxib),200mg/,Cap
M00197,Active,Plus/,Cap
M00198,COQ-10(Coenzyme),/,Cap
M00199,Mirabet(Mirabegron),25mg/,Tab
M00200,Oxybutynini,5mg/,Tab
M00201,Nimace(Nimesuild),100mg/,Tab
M00202,Naprox(Naproxin),250mg/,Tab
M00203,Naprox(Naproxin),500mg/,Tab
M00204,Spiromide(Spironolactone+Furosemide),/,Tab
M00205,Aldactone(Spironolactone),100mg/,Tab
M00206,Chymral,Forth(Trypsin+Chymotrypsin),/,Tab
M00207,Actho,P(Thiocolchicoside+Acelofenac+paracetamol
M00208,Voltral,50mg(,Diclofenan,50mg),Tab
M00209,Voltral,100mg,(Diclofenac,100mg),Tab
M00210,Urigo,40mg,(Febuxostat,40mg),Tab
M00211,Fenoget,67,mg(Fenofibrate,67mg),Tab
M00212,Fenoget,200mg(Fenofibrate,20mg),Tab
M00213,Nuberol,Forte(Paracetamol+orphenadrine),Tab
M00214,Beflam,75mg(Diclofenac,75mg),Tab
M00215,OAD(STRENGTH,AND,STAMINA),Tab
M00216,Hairfin,1mg(Finasteride,1mg),Tab
M00217,Proviron(Mesterolone),Tab
M00218,Cytotrexate,10MG,(Methotrexate,10mg),Tab
M00219,Oligo,Care(Combeind),Tab
M00220,Gonadil,F,(Tribuls,terrestrise,ext,comp),cop
M00221,Caver,Nos,(Libido,Enhancer),Cop
M00222,Voren,5mg,(Diclofenac,50mg),Cop
M00223,Duragesic,(Orphenadrine,citrate+paracetamol),Tab
M00224,Pritone,4mg(Chlorpheniramine,4mg),Tab
M00225,Actived,Charchol,(Carbon),Tab
M00226,Spasmolyte,(Dicyloverine,hydrochloride20mg),Tab
M00227,Acetaminophen,(Acetaminophen,+codeine),Tab
M00228,Neurobion(Vit,B1.B6.B12),Inj
M00229,Tenorimn,100MG(Atenolol,100mg),Tab
M00230,Bepsar,25MG(Losartan,potassium25mg),Tab
M00231,Misar,80MG(Telmisartan80mg),Tab
M00232,Rampice,5MG(Rampril,5mg),Tab
M00233,Norplat,S,(Clopidogrelaspirin,75/75mg),Tab
M00234,Metonce,25mg(Metoprolol,25mg),Tab
M00235,Concor,5MG(Bisoprolol,Hemifuarate),Tab
M00236,Concor,2.5M(Bisoprolol,Hemifuarate),Tab
M00237,Emhart,5mg/160mg(Amlodipine/valsartan),Tab
M00238,Amlo,5MG(Amlodopine,10mg),Tab
M00239,Amlo10MG(Amlodopine,10mg),Tab
M00240,Vidace-M,PLUS(VILDAGLIPTIN+METFORMIN50/1000MG),Tab
M00241,Getformin,1mg/500mg(Glimepiride+Metformin),Tab
M00242,Getformin2mg/500mg(Glimepiride+Metformin),Tab
M00243,Sitagliptin,50mg,Tab
M00244,Glucophage,XR,500MG(Metformin,+Hydrochloride),Tab
M00245,Glucophage,XR,750mg(Metformin,+Hydrochloride),Tab
M00246,Glucophage,500mg(Metformin,+Hydrochloride),Tab
M00247,Glucophage,850mg(Metformin,+Hydrochloride),Tab
M00248,Dapa,5Mg(Dapagliflozin,5mg),Tab
M00249,Dapa,Met,XR(Dapagliflozin,&metformin),Tab
M00250,Spermixeed(Combeind),Power
M00251,Sitaglumet,50/500mg(Sitagliptin+metformin),Tab
M00252,Kapril,25MG(Captopril,25mg),Tab
M00253,Coptopril,25mg,Tab
M00254,Capotin,25mg(Captopril,25mg),Tab
M00255,Loprin,75mg(Aspirin,75mg),Tab
M00256,Tiovair,18mcg(tiotropium,18mcg),Tab
M00258,Lipvas,20mg(Atorvastatin,20mg),Tab
M00259,A-ferin(Combeind),Tab
M00260,Mont-LC,10/5mg(Montelukast+Levocetirizine),Tab
M00261,Eziday,25mg(Losartan,potassium,25mg),Tab
M00262,Eziday,50mg(Losartan,potassium,50mg),Tab
M00263,Citriz,10mg(Cetirizine,10mg),Tab
M00264,Larinex,5mg(Desloratadine,5mg),Tab
M00265,Lipiget,10mg(Atorvastatin,10mg),Tab
M00266,Urinac,25mg(Bethanechol,25mg),Tab
M00267,Jovastatin-f,10/160mg(Atorvastatin+Fenofibrate),Tab
M00268,Dexamethasone,0,5mg,Tab
M00269,Bismol,265mg(Bismuth,Subsalicylate265),Tab
M00270,Brufen,600mg(Ibuprofen600mg),Tab
M00271,Ascard,75mg(Aspirin,75mg),
M00272,Realfenac(Diclofenac),25mg
M00273,Oil,Gominol,5%/Drop
M00274,Glycerince,Boric,5%,/Lotion
M00275,Glycerince,Soda,5%/Lotion
M00276,Metodine,DF,500/400mg(Metronidazole+Diloxanide),Tab
M00277,Entamizole(Diloxanide+Metronidazole),Tab
M00278,Xcept,15mg(Rivaroxaban,15mg),Tab
M00279,Xcept,20mg(Rivaroxaban,20mg),Tab
M00280,Danzen,DS,10mg(Serratiopeptidase,10mg),Tab
M00281,Metronidazole,250mg(Metronidazole,250mg),Tab
M00282,Imodium(Loperamide,2mg),Cop
M00284,Pepzym(Combeind),Tab
M00285,Zopent,40mg(Pantoprazole,40mg),Tab
M00286,Onset-8(Ondansetron,8mg),Tab
M00287,Ganaton,OD(Itopride,150mg),Tab
M00288,Stemetil(Prochlorperazine,5mg),Tab
M00289,Avil(Pheniramine,maleate,),Tab
M00290,Famoscot,20mg(Famotidine,20mg),Tab
M00291,Famoscot,40mg(Famotidine,40mg),Tab
M00292,Vermox,100mg(Mebendazole,100mg,),Tab
M00293,Laxoberon(Sodium,Picosulfate),Tab
M00294,Lasix(Furosemide,20mg),Tab
M00295,Leos(Levosulpiride,25mg),Tab
M00296,Dowsul,50mg(Levosulpiride,50mg),Tab
M00297,Ridon,10mg(Domperidone,10mg),Tab
M00298,Trichogin,500mg(Tinidazole,500mg),Tab
M00299,Metnizol,500mg(Metronidazole500mg),Tab
M00300,Delax,5mg(Bisacodyl,5mg),Tab
M00301,Lansor,30mg(Lansoprazole,30mg),Tab
M00302,Voniza,20mg(Vonoprazan,20mg),Tab
M00303,Gravinate(Dimenhydriate),Tab
M00304,Genopra,DR(Pantoprazole,40mg),Tab
M00305,Esoline-L,40/75mg(Esomeprazole+Levosulpiride),Cop
M00306,Colofac,135mg(Mebeverine,135mg),Tab
M00307,Esovic,40mg(Esomeprazole,40mg),Cop
M00308,Pridegex,50mg(Itopride,50mg),Tab
M00309,Zeespa,135mg(Mebeverine,135mg),Tab
M00310,Stomdex,30mg(Dexlansoprazole,30mg),Cop
M00311,Senex,forte(Secnidazole,1g),Tab
M00312,Lenzeu(Dexlansoprazole,60mg),Cop
M00313,Rebline-D(Rabeprazole+Domperidon),Cop
M00314,Biolac(Probiotics+Zinc),Powder
M00315,Benaquin(Chloroquine,Phosphate),Tab
M00316,Thyrox,(Throxine,100mcg),Tab
M00317,Ponstan,Forte(Mefenamic,acid),
M00318,Angised(Glyceryl,trinitrate),0.5,Tab
M00319,Thyrox,(Throxine,50mcg),Tab
M00320,Nen-mercazole(Carbimazole),5mg,Tab
M00321,Xaltide,HFA(Salbutamol+Beclometasone),Inhaler
M00322,Salbo,HFA(Salbutamol),Inhaler
M00323,Nitromint(Nitroglycerinn),2.6mg,Tan
M00324,Nimixa(Rifaximin),550mg,Tab
M00325,Cara(Leflunomide),20mg,Tab
M00326,No-spa(Drotaverine),40mg,Tab
M00327,Methimazole,5mg,Tab
M00328,Clenil(Beclomethasone),Vial
M00329,Prolex(Probiyotik),Powder
M00330,Atem(Ipratropium),Solution
M00331,Novidat(Ciprofloxacin),500mg,Tab
M00332,Termigen(Levofloxacin),250mg,Tab
M00333,Doxyspor(Doxycycline),100mg,Cap
M00334,FocinUltra,(Fosfomycin),3mg/,Sachet
M00335,No-Spa(Drotaverine),40mg,Inj
M00336,Nitrofurantoin,100mg,Tab
M00337,M-floxin(Moxifoxacin),400mg,Tab
M00338,Ecasil(Linezolid),600mg,Tab
M00339,Levomerc(Levofloxacin),500mg,Tab
M00340,Ospamox(Amoxicillin),1g,Tab
M00341,Zithrolide(Azitromycinn),250mg,Cap
M00342,Amoxi-Clav(Amoxicillin+Clavulanin,acid),Tab
M00343,Calamox(Co-amoxiclav),625mg,Tab
M00344,Cinrol(Ciprofloxacin),500mg,Tab
M00345,Zithrolide(Azitromycinn),500mg,Tab
M00346,Cinrol(Ciprofloxacin),250mg,Tab
M00347,Erythrocin(Erythromycin),500mg,Tab
M00348,Cefiget,(Cefixime),400mg,Cap
M00349,Cefiget,(Cefixime),200mg,Cap
M00350,Erythrocin(Erythromycin),250mg,Tab
M00351,Ciprocoast(Ciprofloxacin),500mg,Tab
M00352,Focin(Fosfomycin),500mg,Cap
M00353,Sarf(Ciprofloxacin),750mg,Tab
M00354,Lenwin(Cephradine),250mg,Tab
M00355,Lenwin(Cephradine),500mg,Tab
M00356,Sulpiride,500mg,Cap
M00357,Keflex(Cephalexin),500mg,Cap
M00358,Olaxcin(Ofloxacin),400mg,Tab
M00359,Claritek(Clarithromycin),250mg,Tab
M00360,Colimex(Dicyclomine+Simethicone),Drop
M00361,Babygesic(Acetaminophen),Drop
M00362,Panadol(Paracetamol),Drop
M00363,Cylip-P,Drop
M00364,Colorest,Drop
M00365,Coferb,Drop
M00366,Glybiotic,Drop
M00367,Colic,Drop
M00368,Ventolin(Salbutamol),Drop
M00369,Gravinate(Dimenhydriate),12.5mg/,Inj
M00370,Eargol,Drop
M00371,Rubifer,Drop
M00372,Nospay,Drop
M00373,Metsil(Simethicone),Drop
M00374,Vita-C(Ascorbic,acid),Drop
M00375,Rhino-Sone-P,Drop
M00376,Xynosine(Xylometazoline),Drop
M00377,Xynosine,child(Xylometazoline),Drop
M00378,Nilstat(Nystatin),Drop
M00379,Domlar(Domperidone),5mg,Drop
M00380,Gravinate(Dimenhydriate),Tab
M00381,Kidgro(Vitamin,A+D3),Drop
M00382,Ad-nex(VitaminA+D3),Drop
M00383,Quench(Silver),Cream
M00384,Lignocaine,Gel
M00385,Lingab(Pregabalin),75mg,Cap
M00386,Tramal,SR(Tramadol),100mg,Tab
M00387,ALP(Alprazolam),0.5mg,Tab
M00388,ALP(Alprazolam),0.25mg,Tab
M00389,Rivotril(Clonazepam),0.25,Tab
M00390,Rivotril(Clonazepam),2mg,Tab
M00391,Clonazepam,Subhan,1mg,Tab
M00392,Clonazepam,Subhan,2mg,Tab
M00393,Lexotonil(Bromoazepam),3mg,Tab
M00394,Hexidyl(Trihexyphenidyl),2mg,Tab
M00395,Gencate,Depot(Fluphenazine),25mg,Amp
M00396,Morphine(Morohinesulfate),10mg/ml,Amp
M00397,Tramal,(Tramadol),50mg,Tab
M00398,Promethazine(Prommethazinehydrochloride),Amp
M00399,Phenobarbital,200mg,Amp
M00400,Pentazocin,30mg,Amp
M00401,Kinz(Nalbuphin,HCL),10mg,Amp
M00402,Akinidic(Biperden),5mg,Amp
M00403,Valum(Diazpam),10mg/2ml,Amp
M00404,Pofol(Propofol),200mg/20ml,Amp
M00405,Kamin(Ketamine),50mg,Vial
M00406,Serenace(Haloperidol),5mg,Amp
M00407,Adenosinw(Adenosine),6mg/2ml,Amp
M00408,Pan,amin,G,Serum
M00409,Haemaccel(Polygeline),Serum
M00410,Cofcal,Tab
M00411,Multivitamins,EFF,Tab
M00412,Vit,C,Tab
M00413,ORS,Powder
M00414,Softovac,Powder
M00415,Protect(Mouth,wash),Solution
M00416,Daze,junior,Spray
M00417,Mecobal(Mecobalam),500mg,Amp
M00418,Cimetidine(Cetidine),Amp
M00419,Serlix(Lidocain),10%,Spray
M00420,Magnesium,500mg,Amp
M00421,Hyoscine,20mg,Amp
M00422,Streptomycin,1gr,Vail
M00423,Progesterone,50mg,Amp
M00424,Depo,Medrol(Methylprednisolone),40mg,Vail
M00425,Hydralazine,20mg,Amp
M00426,Betamethazone,4mg,Amp
M00427,Risek(Omeprazole),40mg,Vail
M00428,Risek(Omeprazole),20mg,Powder
M00429,Risek(Omeprazole),40mg,Powder
M00431,Jectosol(Iron+Vit,B12+Folicacid),Amp
M00432,Brufen,200mg
M00433,VitaminD3,600000,Amp
M00434,Vitamin,D3,200000,Cap
M00435,Maxna(Tranexamic,Acid),Amp
M00436,Lignocaine,Amp
M00437,Atropine,Amp
M00438,Adrinaline,Amp
M00439,Grasil(Amikacin),100mg,Amp
M00440,Grasil(Amikacin),500mg,Amp
M00441,Calcuim,Carbonate,Amp
M00442,Laxis(Furosemide),20mg,Amp
M00443,Bupicain(Bupivacain),Amp
M00444,Ketrolac,Amp
M00445,Vitamin,K,Amp
M00446,Oxytixcin,Amp
M00447,Naloxone,0.4,Amp
M00448,Lignocain,Vail
M00449,Lignocain+Adrenaline,Vail
M00450,Hydrocortizone,100mg,Vail
M00451,Hydrocortizone,250mg,Vail
M00452,Hepamerz,Amp
M00453,Capcidol(Topical,Analgesic),Cream
M00454,Bio-Calamin-D,Lotion
M00455,Curine(Naphazoline),Drops
M00456,Clycin-T(Clindamycin),Lotion
M00457,Somogel,Grams
M00458,Betagenic,Ointment
M00459,Maxolon(Metoclopramide),Tab
M00460,Liceguard(Permethrin),5%,Cream
M00461,Betnoesol-N,Drops
M00462,G.T.N,Ointment
M00463,Naprisol(Naphazoline),0.05%,Drops
M00464,Betamethasone-N,Oitment
M00465,Polyfax,Skin,Oitment
M00466,Ichtyol,10%,Pamthyol
M00467,Hadensa,Ointment
M00468,Maxolon(Metoclopramide),Inj
M00469,Xerovit(Vitamin,A),Ointment
M00470,Betnoesol-N,Eye,Ointment
M00471,Polyfax,Eye,Oitment
M00472,Suction,Connecting,Tube
M00473,Skilax(Sodium,Picosulfate),Drops
M00474,Prednisolone,Tab
M00475,Septran,DS(Co-trimoxazole),Tab
M00476,Biobrain,Drops
M00477,Sodium,Chloride,Drops
M00478,Rowatinex,Drops
M00479,Otosporin,Drops
M00480,Neuro-Bedoxine,Plus,Tab
M00481,Parol(Paractamol),500mg,Tab
M00482,Panadol(Paracetamol),500mg,Tab
M00483,Amoxicillin,500mg,Cap
M00484,Atoksilin(Amoxicillin),500mg,Cap
M00485,Neurobion(Vit,B1.B6.B12),Tab
M00486,Panadol,CF,Tab
M00487,Trisil,Plus,Tab
M00488,Supramycin(Doxycycline),100mg,Cap
M00489,Budifen(Ibuprofen),400mg,Tab
M00490,Buscopan,Plus,Tab
M00491,Metrozine(Metronidazole),200mg,Tab
M00492,Gauze,Swabs
M00493,IV.Cannula,24G
M00494,IV.Cannula,26G
M00495,IV.Cannula,18G
M00496,IV.Cannula,22G
M00497,Mix(Dextrose+Sodium,Chloride),500cc,Serum
M00498,Glucose(Dextrose),5%,1000cc,Serum
M00499,Glucose(Dextrose),5%,500cc,Serum
M00500,N/S,(Sodium,Chloride),1000cc,Serum
M00501,N/S,(Sodium,Chloride),500cc,Serum
M00502,N/S,(Sodium,Chloride),100cc,Serum
M00503,R/L(Ringer,Lactate),1000cc,Serum
M00504,R/L(Ringer,Lactate),500cc,Serum
M00505,Mix(Dextrose+Sodium,Chloride),1000cc,Serum
Mask,Mask/,B,and,bl
Mask,O,Mask,Oxygen,Adult
Max,Maxna/Tranexamic,acid,500mg,Cap
Maxf,Maxfresh/Tooth,Gel
Maxfl,Maxflow/Tamsulosin,0.4mg,Cap
Maxi,Maxicold-plus/Combined,Tab
Maxo,Maxolon(Metoclopramide),5mg,Syp
Me,Metodine,DF,Sus
Mecoba,Mecobalar-500(Mecobalamin),500mcg,Cap
Med,Medola/Talc
Medora,Medora,Perfumed,Talc
Mef,Meflox/Moxifloxacin,400mg,Tab
Melat,Melatonin,Natural,5mg,Tab
Melato,Melatonin,10mg,Tab
Melaton,Melatonin,5mg,Tab
Ment,Menthol,Crystal
Menth,Menthosil/,Cough,Lozenges
Met,Metodine/Combined,350/250mg,Tab
Metn,Metneon/Metronidazole,500mg,Tab
meto,Metonce,(Metoprolol),50mg
Metocl,Metoclopramide,10mg,Amp
Metol,Metolar,Metoprolol,5ml,Inj
Metr,Metroda/Metronidazol,400mg,Tab
Metro,Metroda/Metronidazol,500mg,Tab
Mg-,Mg-Vox/Magnesium,Glycinate,500mg,Tab
Mi,Mirtadil-7.5(Mirtazapine),7.5mg,Tab
Mic,Micronema/Combined,Losh
Mida,Midazolam,5mg,Amp
Min,Minpre/Pregabalin+methylcobalamin,Cap
Mind,Mind,peace-3(Melatonin),3mg,Tab
Minir,Minirin(Desmopressin),0.2mg,Tab
Mir,mirofen/Combine,Gel,30g
Mirab,Mirabet(Mirabegron),50mg,Tab
Mirta,Mirtaris-15(Mirtazapine),15mg,Tab
Mirtad,Mirtadil(Mirtazapine),30mg,Tab
Mirtadil,Mirtadil-15(Mirtazapine),15mg,Tab
Mis,MisarAm/Telmisartan+Amlodipine,5/80mg,Tab
Mit,Mitaz/,Mirtazapin,15mg,Tab
Mita,Mitaz/,Mirtazapin,30mg,Tab
Mix,Mixtard/,Insulin,30Hm,Vil
Modax,Modaxen(Naproxen),500mg,Tab
Modke,Modkem/Modafinil,200mg,Tab
Mof,Mofest/Moxifloxacin,400mg,Tab
Mol,Molox/Moxifloxacin,400mg,Tab
Mono,Monodoks/Doxycyline,100mg,Cap
Mor,Moringa/Combined,Tab
More,More,Biotic(Probiotic),Cap
mot,Motilium/Domperidone,10mg,Tab
Move,Move,Fast
Mox,Moxiget(Moxifloxacin),400mg,Tab
Moxin,Moxinof(Moxifloxacin),400mg,Tab
Moxv,Moxvid/Amoxycillin,250mg,Cap
Mul,Multi-Vitamin,Green,TAb
Mult,Multibionta/Multivitamin,INJ,10Ml
Myt,Myteka/Montelukast,Sach,4mg
N,Novamentin-625(Combined),625mg,Tab
nab,Neblizer,Mask,Baby
Napr,Naproxen,500mg
Napro,Naproxen/Iran,500mg,Tab
Nas,Nasvit-D3/Multivitamin,Combined
Naso,Nasocan/Xylometazoline,Drop
Nasoc,Nasocan/Xylometazoline,Drop
Nass,Nassa/,Miratzapin,15mg,Tab
Nassa,Nassa(Mirtazapine),30mg,Tab
Nasv,Nasvit-D3/Combind,Cap
nebu,Nebulizer,Mask,Lareg
Neo,Neo-Mercazole/Carbimazole,100mg,Tab
NEO-,NEO-RISP(Risperidone),2mg,Tab
Neoc,Neocard-ATN/Amlodipine&Atenolol,5/50mg,Tab
Neog,Neoglip/Metformin+Sitagliptin,50/500mg,Tab
Neol,Neolepra-F/Combined,6mg/25mg,Cap
Neole,Neolepra-F,Combined,3mg/25mg,Cap
Neonc,Neon/Cough,Syrup
Neur,Neuroka-Fast/Methylcobalamin,Amp,1500mcg
Nev,Nevakson/CeftriXONE,1G,Vil
Nex,Nexm/Esomeprazole,40mg,IV
Nexc,Nexcip(Ciprofloxacin),250mg,Sus
Next,Nextfor(Metformin),500mg,Tab
Ni,Nims(Nimesulide),100mg,Tab
Nimo,Nimosol/Nimesulide,100mg,Tab
Nimum,Nimumac,Cold/Combind,Tab
Nog,Nogerd,SR,/,Itopride,Tab,150mg
Norb,Norbac/Ceftriaxone,500mg,Vil
Nos,No-Spa/Drotaverine,40mg,Tab
Note,Notense(Mirtazapine),15mg,Tab
Nov,Novom/doxylamine/p/,Tab,10mg
NTB,Ntbec/Ciprofloxacin,200mg,Inf
Ntbe,Ntbec/Ciprofloxacin,500mg,Tab
Ntz,Ntzone(Nitazoxanide),500mg,Tab
Nuba,Nubaquel/Quetiapin,25mg,Tab
Nut,Nutri-C
Nyt,Nytrig/Fluphenazine&Nortriptyline,0.5/10mg,Tab
O,Olanzya-5(Olanzapine),5mg,Tab
Ocmin,Ocmin,50(Fluvoxamine),50mg,Tab
Ofl,Oflobid/Ofloxacin,200mg,Tab
Ol,Olanzya-2.5(Olanzapine),2.5mg,Tab
Ola,Olanzi/Olanzapin,10mg,Tab
Olanzi,Olanziris-5(Olanzapine),5mg,Tab
Ole,Olepra/Olanzapine,Tab,10mg
Olep,Olepra/Olanzapine,Tab,5mg
Ome,Omes-20/Omeprazole,20mg,Cap
omn,Omnidol/Paracetamol.caffein,500mg,Tab
Omz,Omzee,D,/Ompraz+Domper,20/10,Cap
Ond,Ondris-8/Ondansetron,8mg,Amp
orgi,Orgie/Tadalafil,20mg,Str
Orgie,Orgie,Plus/Tadalafil,20mg,Dapoxe,10mg,str
Orphe,Orphegesic(Orphenadrine+Paracetamol),50+650mg,Tab
ORS,Prolyte/ORS,200ml,jus
ORS,Nu,ORS,Nutri-C,Sol
Ost,Ostemen/vitk2,vit,D3,Cap
Osti,Ostir-UP/Memantine,Hydrochloride,10mg,Tab
Ovi,OVI-F/Clomiphene,50mg,Tab
Oxc,Oxcym,DR/Duloxetine,30mg,Cap
Oxysp,Oxyspas(Oxybutynin),5mg,Tab
Oxyt,oxytetracycline/Cap,250mg
P,Pacimol(Paracetamol),1g,Inf
pan,Panadol,Syp
Pana,Panadol,CF,/,Combind,Tab
Pant,Pantoline/Pantoprazole,Vil,40mg
Panta,Pantacoast/Pantoprazole,Vil,40mg
Panto,Pantonas,Plus/Pantoprazole+Domperidone,40mg,Cap
Pantom,Pantomac(Pantoprazole),40mg,Vail
par,paromax,paroxiten,20mg
Para,Paracoast/Paracetamol,Inf,1gr
parac,Paracetamol,300mg,Inj
parace,Paracetamol,600mg,Inj
paracet,Paracetamol,750mg,Inj
Param,Paramyl,Osteo(Paracetamol),665mg,Tab
Parax,Paraxyl,CR(Paroxtine),25mg,Tab
Parayl,C,Paraxyl,CR(Paroxetine),12.5mg,Tab
Pars,Parsazole/Metronidazole,500mg,Inf
parsa,Parsacip/Ciprofloxacin,200mg,INF
Parsac,Parsacip/Ciprofloxacin,400,INF
Pavo,Pavodin,10%
Ped,Pedrol,total/Paracetamol/chlorph,120mg,Syp
Pedif,Pedifen(Ibuprofen),100mg,Susp
Pen,Pentazocine/,30mg,Inj
Per,Perfect/Mouthwash,110ml,Sul
Pexet,Pexet(Naproxen),500mg,Tab
Pharm,Pharma,Dip(Amlodipine),10mg,Tab
Pharma,Pharma,Dip(Amlodipine),5mg,Tab
Pi,pirofen(Paracetamol),500mg,Tab
Pir,Piriton/Chlorpheniramine,4mg,Tab
Plast,Plaster,
pow,Powder,ORS
Power,Power-RIS(Sildenafil),100mg,Tab
Pra,Pracit/Venlafaxine,37.5mg,Tab
Praz,Prazol_D/Panto/Dompe,40mg/30,Cap
Pre,Prednisolone,20mg,Tab
Predn,Prednisolone,10mg,Tab
Prega,prega-M/Pregabalin+Methylcobalamin
Pregab,Pregabalin+Methylcobalamin,Cap
Pregz,Pregzin-P(Methylcobalamin+Pregabalin),Tab
Preq,Prequel(Quetiapine),25mg,Tab
Pri,Pridogen/Levosulpiride,50mg,Tab
Prol,prolexa/Escitalopram,20mg,Tab
Prolex,Prolex,plus,sachet
Prota,protae/paroxetine,20mg,Tab
Pul,Pulmonol/Combinde,syp
Pzol,Pzole,D,/Panto+Domper,Cap
Quin,Quinox(Ciprofloxacin),500mg,Tab
R,Relaxi(Olanzapine),10mg,Tab
R-Cin,R-Cin/Rifampicin,300mg,Cap
Rab,Rabesec-D,SR/Combined,Cap
Rabor,Raboreg40,DSR,Cap
Ram,Ramipace/Ramipril,2.5mg,Tab
Rash,Rashnil/Combined,Cream
RBC,RBC,(Iron,Sucrose),100mg,Inj
Real,Real-One(Ceftriaxone),1g,vial
Reb,Rebline-E/Rabeprazole,D,Cap,
REf,Refobacin/Getamicin,Inj,80mg
Refo,Refobacin/Gentamicin,Inj,40mg
Rel,Realcef/ceftriaxone,1g,Vil
Relex,Relexafe-200(Celecoxib),200mg,Cap
Repla,Replax(Risperidone),2mg,Tab
Replax,Replax(Risperidone),1mg,Tab
Rhi,Rhino,Gold,160/Sildenafil+dapox,100/60mg,tab
RHIN,Rhinogra,Forte/Sildenafil+Dapox,100/60mg,Tab
Rid,Ridon/Domperidone,5mg,SYP
Rif,Rifazed-Rifampicin,300mg,Cap
Rifa,Rifaxa(Rifaximin),550mg,Tab
Risp,Risp(Risperidone),1mg,Sol
Risper,Risperidone,2mg,Tab
Rit,Rithmo/Clarithromycin,250mg,Tab
Rivo,Rivotril/Clonazepam,0.5mg,Tab
Rivot,Rivotril(Clonazepam),2.5mg,Drops
Rom,Romega/OMG3,Cap,
Ron,Ronex/Cetirizine,10mg,Tab
Rot,Rotaflo
Rox,Roxib/Celecoxib,200mg,Cap
Roxx,Roxxi/Paroxetine,20mg,Tab
Roy,Royal/Petrolem,jelly
Roya,Royal/Shampoo
Ruxa,Ruxaclam(Amoxicillin+Clavulanate),625mg,Tab
S,Snomol,(Paracetamol),125mg,Susp
Saf,Safacid,cap,
Salbu,Salbutamol,Syrup
San,Sankol/Herbal,Drop
Sana,Sana,Flu/,Combinde,Syp
Sante,Santedyne,Toothpaste
Sem,Sematide/Semaglutide,0.25mg,INJ
Sen,Sensodyne/teeth,creem
Sens,Sensit(Flupentixol-Melitracen),0.5,10mg,tab
serc,serc/Betahhistine,16mg,tab
Sert,Sertaris,100(Sertraline),100mg,Tab
Si,Sitafor-M(Metformin,Sitagliptin),50,500,Tab
Sid,Sidoplus/Amlodipin&Atenolo,5/50,Tab
Sie,Siezta/Sildenafil,100mg,Str
Sign,Signapine/Olanzapine,10mg,Tab
Sin,Sinus,Pro/,Combinde,SYP,100Ml
Sit,Sitafor/Sitagliptin,50mg,Tab
Sita,Sitafor-M(Metformin,Sitagliptin),50,1000,Tab
Sitn,Sitnas(Sitagliptin),50mg,Tab
Snhag,Suhagra-50(Sildenafil),50mg,tab
Snob,Snobalin-75/Pregabalin,75mh,Tab
Snol,Snoloz(Lactulose),66.7g,Sol
Snom,Snomol,Ds/Paracetamol,250,MG,SYP
Sol,Solfy,Solifenacin/5mg,Tab
Solif,Solif(Solifenacin),10mg,Tab
Sor,Sorecare,Gel
Spas,Spas-Go(Drotaverine),40mg,Inj
Spe,Spermixeed/Sperm,Sachet
Ster,Sterol,D/Vitamin,D3/Cap
Sterd,Sterdispo/Seratiopeptidase,10mg,Tab
Steri-St,Steri-Strip
Stom,Stomdex/Dexlansoprazole,60mg,Cap
Stu,Stugeron/Cinnarizine,25mg,Tab
Suc,Sucrapil/Sucralfate,1g,SYP
Sucra,Sucra,Plus/,Sucralfate,Syp,1G
Suh,Suhagra/Sildenafil,100MG,Tab
suha,SUHAGRA,SILDENAFIL,50MG,TAB
Suhag,Suhagra-100(Sildenafil),100mg,Tab
Sulv,Sulvorid/Levosulpiride,50mg,Tab
Syr,Syringe/10ml/cc
Syri,Syringe/5ml/cc
Syrin,Syringe/60mlcc
Syring,Syringe/50ml/cc
syringe,Syringe,20
tada,TADACIP,TANDANAFIL,20ML,TAB
Tag,Tagipmet/Sitagliptin+Metformin,50/500mg,Tab
Tagip,Tagipmet(Sitagliptin+Metformin),50+1000mg,Tab
Tal,Taline/Sertraline,100mg,tab
Tali,Taline/Sertralin,50mg,Tab
Tam,Tamspas-d/Tamsulosin,Hy,0.4/Dutasteride,0.5,Tab
Tamm,Tammislin-D/Tamsulosin&Dutasteride,Tab
Tamo,Tamomide-40,/Combinde,Tab
Tan,Tanzo/Combined,4.5g,Vil
Tard,Tardocef(Ceftriaxone),1g,Vail
Tas,Tasmi(Telmisartan),40mg,Tab
tasm,tasmi/Telmisartan,80mg,Tab
Tasmi,Tasmi/Telmisartan,20mg,Tab
Ted,Tedaprox,500mg,Naproxen,Tab
Tegri,Tegrital(Carbamazepine),200mg,Tab
Ten,Tenormin/Atenolol,50mg,Tab
Testo,Testoviron,Depot/Testosterone,250mg,Amp,
Tetra,Tetrakim(Tetracycline),250,Cap
Tetrac,Tetracycline,Eye,Ointment
Thiro,ThiroAce(Thyroxine),100mg,Tab
ThiroA,ThiroAce(Thyroxine),50mg,Tab
Thyro,Thyrox(Thyroxine),100mg,Tab
Thyrox,Thyrox(Thyroxine),25mg,Tab
Thyroxi,Thyroxine/Levothyroxine,50mcg,Tab
Tiag,Tiagra,Gold/Combinde,Cap
tin,Tinidazol(Tinidazole),500mg,tab
Tini,Tinibact(Tinidazole),500mg,Tab
tiog,Tioget(Tiotropium),18mcg,Cap
Tom,Tomax/Topiramate,50mg,Tab
Toma,Tomax/Topiramate,25mg,Tab
Ton,Tonoflex-p/,Tramadol+Paracetamol
Tra,Transamin/Tranexamic,acid,250mg,Cap
Tram,Tramal/Tramadol,100mg,Inj
Tramal,Tramal(Tramadol),50mg,Cap
Trani,Tranexamic,Acid,5ml,Amp
Tre,trexate/Methotrexate,10mg,tab
Trevia,Treviamet(Sitagliptin+Metformin),50-1000mg,Tab
Tri,Triforge(Amlodipine+Valsartan,Hydro),10.160.12,Tab,
Tri-,Tri-VEE(Triamcinolone),40mg,Amp
Tuf,Tufcold/Combined,Cap
Txo,Txol-M/Flupentixol&Melitracen,0.5/10mg,Tab
Ubg,UBGLIB-M/Vildagliptin+Metformin,Tab,50/500
Urico,Uricon/Flavoxate,100mg,Tab
Urif,Uriflosin(Tamsulosin),0.4mg,Cap
Urig,Urigo/Febuxostat,40mg,Tab
Urima,Urimax(Tamsulosin),0.4,Cap
urine,ba,Urine,bag
uro,Urocran/cranberry/sach
Urocit,Urocit-K,potassium,citrate,1080mg
Urok,Urokit/Potassium,10mg,Tab
Urosis,Urosis,D(Tamsulosin+Dutasteride),0.4/0.5mg,Cap
V,Valmi(Amlodipine+Valsartan),10-160,Tab
Val,Valium/Diazepam,5mg,Tab
Vali,Valium/Diazepam,10mg,Tab
Valm,Valmi(Amlodipne+Valsartan),5-80mg,Tan
Valmi,Valmi(Amlodipine+Valsartan),5-160,Tab
vaz,Vazonidin(Clonidine),0.2mg,Tab
Ve,Vergo(Betahistine),8mg,Tab
Venlo,Venlor-XR(Venlafaxine),75mg,Cap
Vep,Vepridone/Risperidone,2mg,Tab
Vepar,Veparil(Verapamil),5mg,Amp
Ver,Vergo/Betahistine,16mg,Tab
Vera,Verazine/Levocetirizine,5mg,Tab
vic,vicast,D3,300000,Amp
Vico,Vitamin,D3,300000IU,Inj
Vigl,Viglip-M/Vildagliptin+Metformin,50/1000mg,Tab
Vigro,Vugrodit(Sildenafil),100mg,Tab
Vilac,Vildacoast-M,850,Tab
vit,B,Vitamin,B1,300mg,Tab
Vit,D,Vit,D3,200000,IU
Vitamin,Vitamin,B,Complex,Amp
Vitc,Vitamin,C,240mg,Tab
Vitg,Vigrodit(Sildenafil),100mg,Tab
Viv,Vivioptal/Cap
vivi,Vivioptal/Cap
Vka,Vkazin/Zinc,S,SYP,28
Vomit,Vomitin(Domperidone),10mg,Tab
Vor,Voren/Diclofenc,Sodium,50mg,Cap
Voxi,Voxiquin(Levofloxacin),500mg,Tab
Wari,Warior(Levofloxacin),500mg,Tab
Wat,Water,Inj
Xall,Xaller(Sertraline),50mg,Tab
Xantho,Xanthofyl(Doxofylline),400mg,Tab
Xcep,Xcept/Rivaroxaban/15mg,Tab
Xengri,Xengripe,Forte,60ml,Syp
Xorbact,Xorbact(Cefoperazone+Sulbactam),2g,Inj
Xylo,Xyloson/Xylometazoline,0.1%,Drop
Xyloso,Xyloson/Xylometazoline,0.5%,Drop
Yti,Ytig,Plus/Combend,Tab
Ytig,Ytig
Zaptaaz,Zaptaaz(Mirtazapine),30mg,Tab
zee,Zeegap/Pregabalin,75mg,Cap
Zen,Zentel/Albendazole,200mg,Tab
Zena,Zenator(Atorvastatin+Fenofibrate),10/160mg,Tab
Zenat,Zenator(Atorvastatin),20mg,Tab
Zend,Zendon/ondansetron,8mg,Tab
Zep,Zepoxin(Pantoprazole),40mg,Vail
Zepox,Zepoxin-LVS(Pantoprazole+Levosulpiride),
Zet,zetro/Azithromycin,500mg,Tab
Zevc,Zevclinda(Clindamycin),300mg,Cap
Zitop,Zitoprid/Itopride,150mg,Tab
ZN,Zincomax/Zinc,20,Tab
Zofr,Zofra(Ondansetron),Sol
Zol,Zolp/Zolpidem,10mg,Tab
Zon,Zoniper/Cefoperzone,2g,Vil